date,region,store,category,promo,units
2024-01-01,Capital,Sharq,Dairy,0,134
2024-01-08,Capital,Sharq,Dairy,0,135
2024-01-15,Capital,Sharq,Dairy,0,146
2024-01-22,Capital,Sharq,Dairy,0,142
2024-01-29,Capital,Sharq,Dairy,0,159
2024-02-05,Capital,Sharq,Dairy,0,158
2024-02-12,Capital,Sharq,Dairy,0,159
2024-02-19,Capital,Sharq,Dairy,0,143
2024-02-26,Capital,Sharq,Dairy,0,137
2024-03-04,Capital,Sharq,Dairy,0,140
2024-03-11,Capital,Sharq,Dairy,1,282
2024-03-18,Capital,Sharq,Dairy,1,326
2024-03-25,Capital,Sharq,Dairy,0,193
2024-04-01,Capital,Sharq,Dairy,0,249
2024-04-08,Capital,Sharq,Dairy,0,149
2024-04-15,Capital,Sharq,Dairy,0,174
2024-04-22,Capital,Sharq,Dairy,0,159
2024-04-29,Capital,Sharq,Dairy,0,158
2024-05-06,Capital,Sharq,Dairy,1,237
2024-05-13,Capital,Sharq,Dairy,1,214
2024-05-20,Capital,Sharq,Dairy,0,165
2024-05-27,Capital,Sharq,Dairy,0,163
2024-06-03,Capital,Sharq,Dairy,0,137
2024-06-10,Capital,Sharq,Dairy,0,157
2024-06-17,Capital,Sharq,Dairy,0,179
2024-06-24,Capital,Sharq,Dairy,0,133
2024-07-01,Capital,Sharq,Dairy,0,153
2024-07-08,Capital,Sharq,Dairy,1,195
2024-07-15,Capital,Sharq,Dairy,0,146
2024-07-22,Capital,Sharq,Dairy,0,126
2024-07-29,Capital,Sharq,Dairy,0,126
2024-08-05,Capital,Sharq,Dairy,1,149
2024-08-12,Capital,Sharq,Dairy,0,123
2024-08-19,Capital,Sharq,Dairy,1,176
2024-08-26,Capital,Sharq,Dairy,0,112
2024-09-02,Capital,Sharq,Dairy,0,98
2024-09-09,Capital,Sharq,Dairy,0,117
2024-09-16,Capital,Sharq,Dairy,0,124
2024-09-23,Capital,Sharq,Dairy,0,112
2024-09-30,Capital,Sharq,Dairy,1,172
2024-10-07,Capital,Sharq,Dairy,0,114
2024-10-14,Capital,Sharq,Dairy,0,116
2024-10-21,Capital,Sharq,Dairy,0,107
2024-10-28,Capital,Sharq,Dairy,0,116
2024-11-04,Capital,Sharq,Dairy,0,131
2024-11-11,Capital,Sharq,Dairy,0,134
2024-11-18,Capital,Sharq,Dairy,0,141
2024-11-25,Capital,Sharq,Dairy,0,139
2024-12-02,Capital,Sharq,Dairy,0,140
2024-12-09,Capital,Sharq,Dairy,1,149
2024-12-16,Capital,Sharq,Dairy,0,133
2024-12-23,Capital,Sharq,Dairy,0,179
2024-12-30,Capital,Sharq,Dairy,0,144
2025-01-06,Capital,Sharq,Dairy,0,164
2025-01-13,Capital,Sharq,Dairy,0,159
2025-01-20,Capital,Sharq,Dairy,0,174
2025-01-27,Capital,Sharq,Dairy,0,169
2025-02-03,Capital,Sharq,Dairy,0,157
2025-02-10,Capital,Sharq,Dairy,1,213
2025-02-17,Capital,Sharq,Dairy,0,184
2025-02-24,Capital,Sharq,Dairy,0,174
2025-03-03,Capital,Sharq,Dairy,0,153
2025-03-10,Capital,Sharq,Dairy,0,282
2025-03-17,Capital,Sharq,Dairy,0,296
2025-03-24,Capital,Sharq,Dairy,0,295
2025-03-31,Capital,Sharq,Dairy,0,297
2025-04-07,Capital,Sharq,Dairy,0,165
2025-04-14,Capital,Sharq,Dairy,0,216
2025-04-21,Capital,Sharq,Dairy,0,186
2025-04-28,Capital,Sharq,Dairy,0,172
2025-05-05,Capital,Sharq,Dairy,0,178
2025-05-12,Capital,Sharq,Dairy,0,172
2025-05-19,Capital,Sharq,Dairy,0,161
2025-05-26,Capital,Sharq,Dairy,0,177
2025-06-02,Capital,Sharq,Dairy,0,176
2025-06-09,Capital,Sharq,Dairy,0,167
2025-06-16,Capital,Sharq,Dairy,0,169
2025-06-23,Capital,Sharq,Dairy,0,160
2025-06-30,Capital,Sharq,Dairy,0,149
2025-07-07,Capital,Sharq,Dairy,0,147
2025-07-14,Capital,Sharq,Dairy,0,158
2025-07-21,Capital,Sharq,Dairy,0,130
2025-07-28,Capital,Sharq,Dairy,0,137
2025-08-04,Capital,Sharq,Dairy,0,151
2025-08-11,Capital,Sharq,Dairy,0,140
2025-08-18,Capital,Sharq,Dairy,0,142
2025-08-25,Capital,Sharq,Dairy,0,132
2025-09-01,Capital,Sharq,Dairy,0,117
2025-09-08,Capital,Sharq,Dairy,1,161
2025-09-15,Capital,Sharq,Dairy,0,129
2025-09-22,Capital,Sharq,Dairy,0,123
2025-09-29,Capital,Sharq,Dairy,1,163
2025-10-06,Capital,Sharq,Dairy,1,168
2025-10-13,Capital,Sharq,Dairy,0,138
2025-10-20,Capital,Sharq,Dairy,0,125
2025-10-27,Capital,Sharq,Dairy,0,145
2025-11-03,Capital,Sharq,Dairy,0,134
2025-11-10,Capital,Sharq,Dairy,0,149
2025-11-17,Capital,Sharq,Dairy,0,154
2025-11-24,Capital,Sharq,Dairy,0,166
2025-12-01,Capital,Sharq,Dairy,0,162
2025-12-08,Capital,Sharq,Dairy,1,217
2025-12-15,Capital,Sharq,Dairy,0,180
2025-12-22,Capital,Sharq,Dairy,1,181
2024-01-01,Capital,Sharq,Bakery,0,94
2024-01-08,Capital,Sharq,Bakery,0,114
2024-01-15,Capital,Sharq,Bakery,0,88
2024-01-22,Capital,Sharq,Bakery,0,112
2024-01-29,Capital,Sharq,Bakery,0,115
2024-02-05,Capital,Sharq,Bakery,0,101
2024-02-12,Capital,Sharq,Bakery,0,109
2024-02-19,Capital,Sharq,Bakery,1,165
2024-02-26,Capital,Sharq,Bakery,0,128
2024-03-04,Capital,Sharq,Bakery,0,118
2024-03-11,Capital,Sharq,Bakery,0,169
2024-03-18,Capital,Sharq,Bakery,0,172
2024-03-25,Capital,Sharq,Bakery,1,250
2024-04-01,Capital,Sharq,Bakery,0,164
2024-04-08,Capital,Sharq,Bakery,0,128
2024-04-15,Capital,Sharq,Bakery,0,112
2024-04-22,Capital,Sharq,Bakery,0,137
2024-04-29,Capital,Sharq,Bakery,0,129
2024-05-06,Capital,Sharq,Bakery,0,140
2024-05-13,Capital,Sharq,Bakery,0,100
2024-05-20,Capital,Sharq,Bakery,0,101
2024-05-27,Capital,Sharq,Bakery,0,114
2024-06-03,Capital,Sharq,Bakery,0,133
2024-06-10,Capital,Sharq,Bakery,0,104
2024-06-17,Capital,Sharq,Bakery,0,126
2024-06-24,Capital,Sharq,Bakery,0,112
2024-07-01,Capital,Sharq,Bakery,1,142
2024-07-08,Capital,Sharq,Bakery,1,145
2024-07-15,Capital,Sharq,Bakery,0,94
2024-07-22,Capital,Sharq,Bakery,0,95
2024-07-29,Capital,Sharq,Bakery,0,87
2024-08-05,Capital,Sharq,Bakery,0,96
2024-08-12,Capital,Sharq,Bakery,0,109
2024-08-19,Capital,Sharq,Bakery,0,88
2024-08-26,Capital,Sharq,Bakery,0,94
2024-09-02,Capital,Sharq,Bakery,0,91
2024-09-09,Capital,Sharq,Bakery,0,89
2024-09-16,Capital,Sharq,Bakery,0,85
2024-09-23,Capital,Sharq,Bakery,0,97
2024-09-30,Capital,Sharq,Bakery,0,87
2024-10-07,Capital,Sharq,Bakery,0,83
2024-10-14,Capital,Sharq,Bakery,0,74
2024-10-21,Capital,Sharq,Bakery,0,97
2024-10-28,Capital,Sharq,Bakery,0,96
2024-11-04,Capital,Sharq,Bakery,0,94
2024-11-11,Capital,Sharq,Bakery,0,93
2024-11-18,Capital,Sharq,Bakery,0,110
2024-11-25,Capital,Sharq,Bakery,0,99
2024-12-02,Capital,Sharq,Bakery,0,96
2024-12-09,Capital,Sharq,Bakery,0,110
2024-12-16,Capital,Sharq,Bakery,0,105
2024-12-23,Capital,Sharq,Bakery,0,111
2024-12-30,Capital,Sharq,Bakery,0,111
2025-01-06,Capital,Sharq,Bakery,0,116
2025-01-13,Capital,Sharq,Bakery,0,104
2025-01-20,Capital,Sharq,Bakery,1,149
2025-01-27,Capital,Sharq,Bakery,0,119
2025-02-03,Capital,Sharq,Bakery,1,148
2025-02-10,Capital,Sharq,Bakery,0,129
2025-02-17,Capital,Sharq,Bakery,0,138
2025-02-24,Capital,Sharq,Bakery,0,125
2025-03-03,Capital,Sharq,Bakery,0,165
2025-03-10,Capital,Sharq,Bakery,0,201
2025-03-17,Capital,Sharq,Bakery,0,212
2025-03-24,Capital,Sharq,Bakery,0,187
2025-03-31,Capital,Sharq,Bakery,0,191
2025-04-07,Capital,Sharq,Bakery,1,212
2025-04-14,Capital,Sharq,Bakery,0,150
2025-04-21,Capital,Sharq,Bakery,0,140
2025-04-28,Capital,Sharq,Bakery,0,124
2025-05-05,Capital,Sharq,Bakery,0,159
2025-05-12,Capital,Sharq,Bakery,1,165
2025-05-19,Capital,Sharq,Bakery,0,130
2025-05-26,Capital,Sharq,Bakery,0,132
2025-06-02,Capital,Sharq,Bakery,0,135
2025-06-09,Capital,Sharq,Bakery,0,129
2025-06-16,Capital,Sharq,Bakery,0,126
2025-06-23,Capital,Sharq,Bakery,0,144
2025-06-30,Capital,Sharq,Bakery,1,158
2025-07-07,Capital,Sharq,Bakery,1,158
2025-07-14,Capital,Sharq,Bakery,0,100
2025-07-21,Capital,Sharq,Bakery,0,119
2025-07-28,Capital,Sharq,Bakery,0,92
2025-08-04,Capital,Sharq,Bakery,0,100
2025-08-11,Capital,Sharq,Bakery,0,125
2025-08-18,Capital,Sharq,Bakery,1,123
2025-08-25,Capital,Sharq,Bakery,0,100
2025-09-01,Capital,Sharq,Bakery,0,89
2025-09-08,Capital,Sharq,Bakery,0,87
2025-09-15,Capital,Sharq,Bakery,0,106
2025-09-22,Capital,Sharq,Bakery,0,92
2025-09-29,Capital,Sharq,Bakery,1,124
2025-10-06,Capital,Sharq,Bakery,1,122
2025-10-13,Capital,Sharq,Bakery,0,85
2025-10-20,Capital,Sharq,Bakery,0,97
2025-10-27,Capital,Sharq,Bakery,0,109
2025-11-03,Capital,Sharq,Bakery,0,95
2025-11-10,Capital,Sharq,Bakery,0,108
2025-11-17,Capital,Sharq,Bakery,0,117
2025-11-24,Capital,Sharq,Bakery,0,98
2025-12-01,Capital,Sharq,Bakery,0,121
2025-12-08,Capital,Sharq,Bakery,0,96
2025-12-15,Capital,Sharq,Bakery,0,126
2025-12-22,Capital,Sharq,Bakery,0,119
2024-01-01,Capital,Sharq,Beverages,0,154
2024-01-08,Capital,Sharq,Beverages,0,174
2024-01-15,Capital,Sharq,Beverages,0,171
2024-01-22,Capital,Sharq,Beverages,0,158
2024-01-29,Capital,Sharq,Beverages,0,208
2024-02-05,Capital,Sharq,Beverages,1,278
2024-02-12,Capital,Sharq,Beverages,0,180
2024-02-19,Capital,Sharq,Beverages,1,253
2024-02-26,Capital,Sharq,Beverages,0,196
2024-03-04,Capital,Sharq,Beverages,1,264
2024-03-11,Capital,Sharq,Beverages,0,271
2024-03-18,Capital,Sharq,Beverages,0,334
2024-03-25,Capital,Sharq,Beverages,0,311
2024-04-01,Capital,Sharq,Beverages,0,285
2024-04-08,Capital,Sharq,Beverages,0,205
2024-04-15,Capital,Sharq,Beverages,0,200
2024-04-22,Capital,Sharq,Beverages,0,210
2024-04-29,Capital,Sharq,Beverages,0,224
2024-05-06,Capital,Sharq,Beverages,0,222
2024-05-13,Capital,Sharq,Beverages,0,188
2024-05-20,Capital,Sharq,Beverages,0,206
2024-05-27,Capital,Sharq,Beverages,0,185
2024-06-03,Capital,Sharq,Beverages,0,168
2024-06-10,Capital,Sharq,Beverages,0,175
2024-06-17,Capital,Sharq,Beverages,0,189
2024-06-24,Capital,Sharq,Beverages,0,160
2024-07-01,Capital,Sharq,Beverages,0,169
2024-07-08,Capital,Sharq,Beverages,0,183
2024-07-15,Capital,Sharq,Beverages,0,161
2024-07-22,Capital,Sharq,Beverages,0,157
2024-07-29,Capital,Sharq,Beverages,0,150
2024-08-05,Capital,Sharq,Beverages,0,134
2024-08-12,Capital,Sharq,Beverages,0,152
2024-08-19,Capital,Sharq,Beverages,0,153
2024-08-26,Capital,Sharq,Beverages,0,152
2024-09-02,Capital,Sharq,Beverages,0,135
2024-09-09,Capital,Sharq,Beverages,1,174
2024-09-16,Capital,Sharq,Beverages,0,156
2024-09-23,Capital,Sharq,Beverages,0,133
2024-09-30,Capital,Sharq,Beverages,0,141
2024-10-07,Capital,Sharq,Beverages,0,109
2024-10-14,Capital,Sharq,Beverages,0,133
2024-10-21,Capital,Sharq,Beverages,0,134
2024-10-28,Capital,Sharq,Beverages,0,131
2024-11-04,Capital,Sharq,Beverages,0,173
2024-11-11,Capital,Sharq,Beverages,0,152
2024-11-18,Capital,Sharq,Beverages,0,134
2024-11-25,Capital,Sharq,Beverages,0,165
2024-12-02,Capital,Sharq,Beverages,0,169
2024-12-09,Capital,Sharq,Beverages,0,174
2024-12-16,Capital,Sharq,Beverages,0,201
2024-12-23,Capital,Sharq,Beverages,0,183
2024-12-30,Capital,Sharq,Beverages,0,190
2025-01-06,Capital,Sharq,Beverages,1,239
2025-01-13,Capital,Sharq,Beverages,0,183
2025-01-20,Capital,Sharq,Beverages,0,205
2025-01-27,Capital,Sharq,Beverages,0,209
2025-02-03,Capital,Sharq,Beverages,0,199
2025-02-10,Capital,Sharq,Beverages,0,211
2025-02-17,Capital,Sharq,Beverages,0,226
2025-02-24,Capital,Sharq,Beverages,0,231
2025-03-03,Capital,Sharq,Beverages,0,220
2025-03-10,Capital,Sharq,Beverages,1,360
2025-03-17,Capital,Sharq,Beverages,0,348
2025-03-24,Capital,Sharq,Beverages,1,432
2025-03-31,Capital,Sharq,Beverages,0,316
2025-04-07,Capital,Sharq,Beverages,1,296
2025-04-14,Capital,Sharq,Beverages,1,277
2025-04-21,Capital,Sharq,Beverages,1,313
2025-04-28,Capital,Sharq,Beverages,0,227
2025-05-05,Capital,Sharq,Beverages,0,199
2025-05-12,Capital,Sharq,Beverages,0,236
2025-05-19,Capital,Sharq,Beverages,0,236
2025-05-26,Capital,Sharq,Beverages,0,219
2025-06-02,Capital,Sharq,Beverages,0,228
2025-06-09,Capital,Sharq,Beverages,0,186
2025-06-16,Capital,Sharq,Beverages,0,233
2025-06-23,Capital,Sharq,Beverages,0,210
2025-06-30,Capital,Sharq,Beverages,1,283
2025-07-07,Capital,Sharq,Beverages,1,197
2025-07-14,Capital,Sharq,Beverages,0,165
2025-07-21,Capital,Sharq,Beverages,0,176
2025-07-28,Capital,Sharq,Beverages,0,176
2025-08-04,Capital,Sharq,Beverages,0,205
2025-08-11,Capital,Sharq,Beverages,0,172
2025-08-18,Capital,Sharq,Beverages,1,196
2025-08-25,Capital,Sharq,Beverages,0,173
2025-09-01,Capital,Sharq,Beverages,0,166
2025-09-08,Capital,Sharq,Beverages,0,151
2025-09-15,Capital,Sharq,Beverages,1,224
2025-09-22,Capital,Sharq,Beverages,0,176
2025-09-29,Capital,Sharq,Beverages,0,156
2025-10-06,Capital,Sharq,Beverages,0,147
2025-10-13,Capital,Sharq,Beverages,0,171
2025-10-20,Capital,Sharq,Beverages,1,220
2025-10-27,Capital,Sharq,Beverages,0,162
2025-11-03,Capital,Sharq,Beverages,0,157
2025-11-10,Capital,Sharq,Beverages,0,169
2025-11-17,Capital,Sharq,Beverages,0,184
2025-11-24,Capital,Sharq,Beverages,0,183
2025-12-01,Capital,Sharq,Beverages,0,141
2025-12-08,Capital,Sharq,Beverages,0,203
2025-12-15,Capital,Sharq,Beverages,0,229
2025-12-22,Capital,Sharq,Beverages,1,274
2024-01-01,Capital,Sharq,Snacks,0,86
2024-01-08,Capital,Sharq,Snacks,0,82
2024-01-15,Capital,Sharq,Snacks,0,100
2024-01-22,Capital,Sharq,Snacks,0,87
2024-01-29,Capital,Sharq,Snacks,0,100
2024-02-05,Capital,Sharq,Snacks,0,103
2024-02-12,Capital,Sharq,Snacks,0,91
2024-02-19,Capital,Sharq,Snacks,1,132
2024-02-26,Capital,Sharq,Snacks,0,83
2024-03-04,Capital,Sharq,Snacks,0,101
2024-03-11,Capital,Sharq,Snacks,0,123
2024-03-18,Capital,Sharq,Snacks,0,151
2024-03-25,Capital,Sharq,Snacks,0,139
2024-04-01,Capital,Sharq,Snacks,0,143
2024-04-08,Capital,Sharq,Snacks,1,120
2024-04-15,Capital,Sharq,Snacks,0,102
2024-04-22,Capital,Sharq,Snacks,0,106
2024-04-29,Capital,Sharq,Snacks,0,91
2024-05-06,Capital,Sharq,Snacks,0,95
2024-05-13,Capital,Sharq,Snacks,1,129
2024-05-20,Capital,Sharq,Snacks,0,90
2024-05-27,Capital,Sharq,Snacks,1,136
2024-06-03,Capital,Sharq,Snacks,0,109
2024-06-10,Capital,Sharq,Snacks,1,120
2024-06-17,Capital,Sharq,Snacks,0,88
2024-06-24,Capital,Sharq,Snacks,1,114
2024-07-01,Capital,Sharq,Snacks,0,78
2024-07-08,Capital,Sharq,Snacks,0,72
2024-07-15,Capital,Sharq,Snacks,0,75
2024-07-22,Capital,Sharq,Snacks,0,80
2024-07-29,Capital,Sharq,Snacks,1,97
2024-08-05,Capital,Sharq,Snacks,0,69
2024-08-12,Capital,Sharq,Snacks,0,66
2024-08-19,Capital,Sharq,Snacks,0,72
2024-08-26,Capital,Sharq,Snacks,0,68
2024-09-02,Capital,Sharq,Snacks,0,74
2024-09-09,Capital,Sharq,Snacks,0,62
2024-09-16,Capital,Sharq,Snacks,1,109
2024-09-23,Capital,Sharq,Snacks,0,67
2024-09-30,Capital,Sharq,Snacks,0,80
2024-10-07,Capital,Sharq,Snacks,0,66
2024-10-14,Capital,Sharq,Snacks,0,72
2024-10-21,Capital,Sharq,Snacks,0,66
2024-10-28,Capital,Sharq,Snacks,1,106
2024-11-04,Capital,Sharq,Snacks,0,76
2024-11-11,Capital,Sharq,Snacks,0,69
2024-11-18,Capital,Sharq,Snacks,0,74
2024-11-25,Capital,Sharq,Snacks,1,107
2024-12-02,Capital,Sharq,Snacks,0,67
2024-12-09,Capital,Sharq,Snacks,0,76
2024-12-16,Capital,Sharq,Snacks,1,103
2024-12-23,Capital,Sharq,Snacks,0,69
2024-12-30,Capital,Sharq,Snacks,0,91
2025-01-06,Capital,Sharq,Snacks,0,108
2025-01-13,Capital,Sharq,Snacks,0,79
2025-01-20,Capital,Sharq,Snacks,0,86
2025-01-27,Capital,Sharq,Snacks,0,100
2025-02-03,Capital,Sharq,Snacks,0,104
2025-02-10,Capital,Sharq,Snacks,0,106
2025-02-17,Capital,Sharq,Snacks,0,102
2025-02-24,Capital,Sharq,Snacks,1,132
2025-03-03,Capital,Sharq,Snacks,1,120
2025-03-10,Capital,Sharq,Snacks,1,241
2025-03-17,Capital,Sharq,Snacks,0,180
2025-03-24,Capital,Sharq,Snacks,0,152
2025-03-31,Capital,Sharq,Snacks,0,161
2025-04-07,Capital,Sharq,Snacks,0,109
2025-04-14,Capital,Sharq,Snacks,0,107
2025-04-21,Capital,Sharq,Snacks,0,100
2025-04-28,Capital,Sharq,Snacks,0,133
2025-05-05,Capital,Sharq,Snacks,0,107
2025-05-12,Capital,Sharq,Snacks,0,115
2025-05-19,Capital,Sharq,Snacks,0,104
2025-05-26,Capital,Sharq,Snacks,0,107
2025-06-02,Capital,Sharq,Snacks,1,152
2025-06-09,Capital,Sharq,Snacks,0,101
2025-06-16,Capital,Sharq,Snacks,0,112
2025-06-23,Capital,Sharq,Snacks,1,117
2025-06-30,Capital,Sharq,Snacks,0,99
2025-07-07,Capital,Sharq,Snacks,0,103
2025-07-14,Capital,Sharq,Snacks,1,124
2025-07-21,Capital,Sharq,Snacks,0,82
2025-07-28,Capital,Sharq,Snacks,0,78
2025-08-04,Capital,Sharq,Snacks,0,80
2025-08-11,Capital,Sharq,Snacks,0,76
2025-08-18,Capital,Sharq,Snacks,0,82
2025-08-25,Capital,Sharq,Snacks,0,77
2025-09-01,Capital,Sharq,Snacks,0,72
2025-09-08,Capital,Sharq,Snacks,0,68
2025-09-15,Capital,Sharq,Snacks,0,71
2025-09-22,Capital,Sharq,Snacks,0,75
2025-09-29,Capital,Sharq,Snacks,0,80
2025-10-06,Capital,Sharq,Snacks,0,78
2025-10-13,Capital,Sharq,Snacks,1,104
2025-10-20,Capital,Sharq,Snacks,0,85
2025-10-27,Capital,Sharq,Snacks,0,81
2025-11-03,Capital,Sharq,Snacks,0,69
2025-11-10,Capital,Sharq,Snacks,0,79
2025-11-17,Capital,Sharq,Snacks,0,73
2025-11-24,Capital,Sharq,Snacks,0,86
2025-12-01,Capital,Sharq,Snacks,0,74
2025-12-08,Capital,Sharq,Snacks,0,89
2025-12-15,Capital,Sharq,Snacks,0,94
2025-12-22,Capital,Sharq,Snacks,1,130
2024-01-01,Capital,Dasman,Dairy,0,146
2024-01-08,Capital,Dasman,Dairy,0,125
2024-01-15,Capital,Dasman,Dairy,1,170
2024-01-22,Capital,Dasman,Dairy,1,170
2024-01-29,Capital,Dasman,Dairy,0,149
2024-02-05,Capital,Dasman,Dairy,0,139
2024-02-12,Capital,Dasman,Dairy,0,126
2024-02-19,Capital,Dasman,Dairy,0,153
2024-02-26,Capital,Dasman,Dairy,1,206
2024-03-04,Capital,Dasman,Dairy,0,157
2024-03-11,Capital,Dasman,Dairy,0,252
2024-03-18,Capital,Dasman,Dairy,1,289
2024-03-25,Capital,Dasman,Dairy,0,231
2024-04-01,Capital,Dasman,Dairy,0,226
2024-04-08,Capital,Dasman,Dairy,1,223
2024-04-15,Capital,Dasman,Dairy,0,161
2024-04-22,Capital,Dasman,Dairy,0,158
2024-04-29,Capital,Dasman,Dairy,1,265
2024-05-06,Capital,Dasman,Dairy,0,157
2024-05-13,Capital,Dasman,Dairy,0,168
2024-05-20,Capital,Dasman,Dairy,0,153
2024-05-27,Capital,Dasman,Dairy,0,154
2024-06-03,Capital,Dasman,Dairy,1,204
2024-06-10,Capital,Dasman,Dairy,1,203
2024-06-17,Capital,Dasman,Dairy,0,134
2024-06-24,Capital,Dasman,Dairy,0,173
2024-07-01,Capital,Dasman,Dairy,0,145
2024-07-08,Capital,Dasman,Dairy,0,161
2024-07-15,Capital,Dasman,Dairy,1,174
2024-07-22,Capital,Dasman,Dairy,0,140
2024-07-29,Capital,Dasman,Dairy,0,132
2024-08-05,Capital,Dasman,Dairy,0,127
2024-08-12,Capital,Dasman,Dairy,0,110
2024-08-19,Capital,Dasman,Dairy,1,169
2024-08-26,Capital,Dasman,Dairy,0,116
2024-09-02,Capital,Dasman,Dairy,0,105
2024-09-09,Capital,Dasman,Dairy,1,135
2024-09-16,Capital,Dasman,Dairy,0,138
2024-09-23,Capital,Dasman,Dairy,0,111
2024-09-30,Capital,Dasman,Dairy,0,115
2024-10-07,Capital,Dasman,Dairy,1,169
2024-10-14,Capital,Dasman,Dairy,0,126
2024-10-21,Capital,Dasman,Dairy,0,131
2024-10-28,Capital,Dasman,Dairy,0,111
2024-11-04,Capital,Dasman,Dairy,0,128
2024-11-11,Capital,Dasman,Dairy,0,129
2024-11-18,Capital,Dasman,Dairy,1,133
2024-11-25,Capital,Dasman,Dairy,0,138
2024-12-02,Capital,Dasman,Dairy,0,134
2024-12-09,Capital,Dasman,Dairy,0,131
2024-12-16,Capital,Dasman,Dairy,0,139
2024-12-23,Capital,Dasman,Dairy,0,127
2024-12-30,Capital,Dasman,Dairy,0,141
2025-01-06,Capital,Dasman,Dairy,0,171
2025-01-13,Capital,Dasman,Dairy,1,181
2025-01-20,Capital,Dasman,Dairy,0,176
2025-01-27,Capital,Dasman,Dairy,0,160
2025-02-03,Capital,Dasman,Dairy,1,235
2025-02-10,Capital,Dasman,Dairy,0,179
2025-02-17,Capital,Dasman,Dairy,0,168
2025-02-24,Capital,Dasman,Dairy,0,180
2025-03-03,Capital,Dasman,Dairy,0,173
2025-03-10,Capital,Dasman,Dairy,0,293
2025-03-17,Capital,Dasman,Dairy,0,290
2025-03-24,Capital,Dasman,Dairy,0,285
2025-03-31,Capital,Dasman,Dairy,0,251
2025-04-07,Capital,Dasman,Dairy,0,182
2025-04-14,Capital,Dasman,Dairy,0,215
2025-04-21,Capital,Dasman,Dairy,0,170
2025-04-28,Capital,Dasman,Dairy,1,257
2025-05-05,Capital,Dasman,Dairy,0,182
2025-05-12,Capital,Dasman,Dairy,0,191
2025-05-19,Capital,Dasman,Dairy,0,195
2025-05-26,Capital,Dasman,Dairy,1,241
2025-06-02,Capital,Dasman,Dairy,0,187
2025-06-09,Capital,Dasman,Dairy,0,155
2025-06-16,Capital,Dasman,Dairy,1,197
2025-06-23,Capital,Dasman,Dairy,0,138
2025-06-30,Capital,Dasman,Dairy,0,164
2025-07-07,Capital,Dasman,Dairy,0,151
2025-07-14,Capital,Dasman,Dairy,0,150
2025-07-21,Capital,Dasman,Dairy,1,199
2025-07-28,Capital,Dasman,Dairy,0,138
2025-08-04,Capital,Dasman,Dairy,1,178
2025-08-11,Capital,Dasman,Dairy,1,162
2025-08-18,Capital,Dasman,Dairy,0,128
2025-08-25,Capital,Dasman,Dairy,0,121
2025-09-01,Capital,Dasman,Dairy,0,133
2025-09-08,Capital,Dasman,Dairy,0,150
2025-09-15,Capital,Dasman,Dairy,0,146
2025-09-22,Capital,Dasman,Dairy,0,118
2025-09-29,Capital,Dasman,Dairy,0,131
2025-10-06,Capital,Dasman,Dairy,0,127
2025-10-13,Capital,Dasman,Dairy,0,106
2025-10-20,Capital,Dasman,Dairy,1,134
2025-10-27,Capital,Dasman,Dairy,1,159
2025-11-03,Capital,Dasman,Dairy,0,130
2025-11-10,Capital,Dasman,Dairy,1,154
2025-11-17,Capital,Dasman,Dairy,1,164
2025-11-24,Capital,Dasman,Dairy,0,131
2025-12-01,Capital,Dasman,Dairy,1,173
2025-12-08,Capital,Dasman,Dairy,0,133
2025-12-15,Capital,Dasman,Dairy,1,196
2025-12-22,Capital,Dasman,Dairy,0,168
2024-01-01,Capital,Dasman,Bakery,0,102
2024-01-08,Capital,Dasman,Bakery,0,94
2024-01-15,Capital,Dasman,Bakery,0,104
2024-01-22,Capital,Dasman,Bakery,0,109
2024-01-29,Capital,Dasman,Bakery,0,92
2024-02-05,Capital,Dasman,Bakery,0,124
2024-02-12,Capital,Dasman,Bakery,0,108
2024-02-19,Capital,Dasman,Bakery,0,104
2024-02-26,Capital,Dasman,Bakery,0,147
2024-03-04,Capital,Dasman,Bakery,0,110
2024-03-11,Capital,Dasman,Bakery,0,173
2024-03-18,Capital,Dasman,Bakery,0,168
2024-03-25,Capital,Dasman,Bakery,0,197
2024-04-01,Capital,Dasman,Bakery,0,177
2024-04-08,Capital,Dasman,Bakery,0,109
2024-04-15,Capital,Dasman,Bakery,1,131
2024-04-22,Capital,Dasman,Bakery,1,154
2024-04-29,Capital,Dasman,Bakery,0,146
2024-05-06,Capital,Dasman,Bakery,0,111
2024-05-13,Capital,Dasman,Bakery,0,135
2024-05-20,Capital,Dasman,Bakery,0,110
2024-05-27,Capital,Dasman,Bakery,1,132
2024-06-03,Capital,Dasman,Bakery,0,91
2024-06-10,Capital,Dasman,Bakery,0,111
2024-06-17,Capital,Dasman,Bakery,0,113
2024-06-24,Capital,Dasman,Bakery,0,107
2024-07-01,Capital,Dasman,Bakery,1,112
2024-07-08,Capital,Dasman,Bakery,0,97
2024-07-15,Capital,Dasman,Bakery,1,134
2024-07-22,Capital,Dasman,Bakery,0,93
2024-07-29,Capital,Dasman,Bakery,0,99
2024-08-05,Capital,Dasman,Bakery,1,145
2024-08-12,Capital,Dasman,Bakery,0,80
2024-08-19,Capital,Dasman,Bakery,0,110
2024-08-26,Capital,Dasman,Bakery,0,79
2024-09-02,Capital,Dasman,Bakery,0,86
2024-09-09,Capital,Dasman,Bakery,0,85
2024-09-16,Capital,Dasman,Bakery,0,91
2024-09-23,Capital,Dasman,Bakery,0,82
2024-09-30,Capital,Dasman,Bakery,0,85
2024-10-07,Capital,Dasman,Bakery,0,84
2024-10-14,Capital,Dasman,Bakery,0,89
2024-10-21,Capital,Dasman,Bakery,0,90
2024-10-28,Capital,Dasman,Bakery,0,88
2024-11-04,Capital,Dasman,Bakery,0,97
2024-11-11,Capital,Dasman,Bakery,1,135
2024-11-18,Capital,Dasman,Bakery,0,88
2024-11-25,Capital,Dasman,Bakery,1,119
2024-12-02,Capital,Dasman,Bakery,0,93
2024-12-09,Capital,Dasman,Bakery,0,96
2024-12-16,Capital,Dasman,Bakery,0,99
2024-12-23,Capital,Dasman,Bakery,0,109
2024-12-30,Capital,Dasman,Bakery,0,119
2025-01-06,Capital,Dasman,Bakery,0,107
2025-01-13,Capital,Dasman,Bakery,0,122
2025-01-20,Capital,Dasman,Bakery,1,151
2025-01-27,Capital,Dasman,Bakery,0,152
2025-02-03,Capital,Dasman,Bakery,0,129
2025-02-10,Capital,Dasman,Bakery,1,178
2025-02-17,Capital,Dasman,Bakery,1,156
2025-02-24,Capital,Dasman,Bakery,0,123
2025-03-03,Capital,Dasman,Bakery,1,179
2025-03-10,Capital,Dasman,Bakery,0,185
2025-03-17,Capital,Dasman,Bakery,0,199
2025-03-24,Capital,Dasman,Bakery,0,222
2025-03-31,Capital,Dasman,Bakery,1,245
2025-04-07,Capital,Dasman,Bakery,0,129
2025-04-14,Capital,Dasman,Bakery,1,183
2025-04-21,Capital,Dasman,Bakery,0,135
2025-04-28,Capital,Dasman,Bakery,0,145
2025-05-05,Capital,Dasman,Bakery,0,134
2025-05-12,Capital,Dasman,Bakery,1,158
2025-05-19,Capital,Dasman,Bakery,1,139
2025-05-26,Capital,Dasman,Bakery,0,134
2025-06-02,Capital,Dasman,Bakery,0,120
2025-06-09,Capital,Dasman,Bakery,0,126
2025-06-16,Capital,Dasman,Bakery,0,103
2025-06-23,Capital,Dasman,Bakery,0,111
2025-06-30,Capital,Dasman,Bakery,0,120
2025-07-07,Capital,Dasman,Bakery,0,124
2025-07-14,Capital,Dasman,Bakery,0,121
2025-07-21,Capital,Dasman,Bakery,0,120
2025-07-28,Capital,Dasman,Bakery,0,105
2025-08-04,Capital,Dasman,Bakery,0,112
2025-08-11,Capital,Dasman,Bakery,0,104
2025-08-18,Capital,Dasman,Bakery,0,96
2025-08-25,Capital,Dasman,Bakery,0,93
2025-09-01,Capital,Dasman,Bakery,0,89
2025-09-08,Capital,Dasman,Bakery,1,134
2025-09-15,Capital,Dasman,Bakery,0,94
2025-09-22,Capital,Dasman,Bakery,0,87
2025-09-29,Capital,Dasman,Bakery,0,92
2025-10-06,Capital,Dasman,Bakery,1,142
2025-10-13,Capital,Dasman,Bakery,0,82
2025-10-20,Capital,Dasman,Bakery,0,84
2025-10-27,Capital,Dasman,Bakery,1,142
2025-11-03,Capital,Dasman,Bakery,0,86
2025-11-10,Capital,Dasman,Bakery,0,114
2025-11-17,Capital,Dasman,Bakery,0,98
2025-11-24,Capital,Dasman,Bakery,0,110
2025-12-01,Capital,Dasman,Bakery,0,122
2025-12-08,Capital,Dasman,Bakery,0,125
2025-12-15,Capital,Dasman,Bakery,1,161
2025-12-22,Capital,Dasman,Bakery,0,119
2024-01-01,Capital,Dasman,Beverages,0,162
2024-01-08,Capital,Dasman,Beverages,0,167
2024-01-15,Capital,Dasman,Beverages,0,200
2024-01-22,Capital,Dasman,Beverages,0,186
2024-01-29,Capital,Dasman,Beverages,0,204
2024-02-05,Capital,Dasman,Beverages,0,149
2024-02-12,Capital,Dasman,Beverages,0,187
2024-02-19,Capital,Dasman,Beverages,0,202
2024-02-26,Capital,Dasman,Beverages,0,193
2024-03-04,Capital,Dasman,Beverages,0,242
2024-03-11,Capital,Dasman,Beverages,0,266
2024-03-18,Capital,Dasman,Beverages,0,314
2024-03-25,Capital,Dasman,Beverages,0,326
2024-04-01,Capital,Dasman,Beverages,0,280
2024-04-08,Capital,Dasman,Beverages,1,293
2024-04-15,Capital,Dasman,Beverages,0,216
2024-04-22,Capital,Dasman,Beverages,0,262
2024-04-29,Capital,Dasman,Beverages,0,234
2024-05-06,Capital,Dasman,Beverages,0,204
2024-05-13,Capital,Dasman,Beverages,0,220
2024-05-20,Capital,Dasman,Beverages,1,268
2024-05-27,Capital,Dasman,Beverages,0,188
2024-06-03,Capital,Dasman,Beverages,0,204
2024-06-10,Capital,Dasman,Beverages,1,256
2024-06-17,Capital,Dasman,Beverages,0,211
2024-06-24,Capital,Dasman,Beverages,0,157
2024-07-01,Capital,Dasman,Beverages,0,154
2024-07-08,Capital,Dasman,Beverages,0,160
2024-07-15,Capital,Dasman,Beverages,1,231
2024-07-22,Capital,Dasman,Beverages,0,179
2024-07-29,Capital,Dasman,Beverages,0,158
2024-08-05,Capital,Dasman,Beverages,0,159
2024-08-12,Capital,Dasman,Beverages,0,153
2024-08-19,Capital,Dasman,Beverages,0,127
2024-08-26,Capital,Dasman,Beverages,0,136
2024-09-02,Capital,Dasman,Beverages,0,156
2024-09-09,Capital,Dasman,Beverages,0,154
2024-09-16,Capital,Dasman,Beverages,0,157
2024-09-23,Capital,Dasman,Beverages,0,150
2024-09-30,Capital,Dasman,Beverages,1,142
2024-10-07,Capital,Dasman,Beverages,0,145
2024-10-14,Capital,Dasman,Beverages,1,192
2024-10-21,Capital,Dasman,Beverages,0,127
2024-10-28,Capital,Dasman,Beverages,1,223
2024-11-04,Capital,Dasman,Beverages,1,192
2024-11-11,Capital,Dasman,Beverages,1,216
2024-11-18,Capital,Dasman,Beverages,0,168
2024-11-25,Capital,Dasman,Beverages,0,170
2024-12-02,Capital,Dasman,Beverages,0,186
2024-12-09,Capital,Dasman,Beverages,0,168
2024-12-16,Capital,Dasman,Beverages,1,247
2024-12-23,Capital,Dasman,Beverages,0,188
2024-12-30,Capital,Dasman,Beverages,0,165
2025-01-06,Capital,Dasman,Beverages,1,234
2025-01-13,Capital,Dasman,Beverages,0,175
2025-01-20,Capital,Dasman,Beverages,0,169
2025-01-27,Capital,Dasman,Beverages,0,177
2025-02-03,Capital,Dasman,Beverages,0,220
2025-02-10,Capital,Dasman,Beverages,0,187
2025-02-17,Capital,Dasman,Beverages,0,239
2025-02-24,Capital,Dasman,Beverages,0,218
2025-03-03,Capital,Dasman,Beverages,0,220
2025-03-10,Capital,Dasman,Beverages,0,294
2025-03-17,Capital,Dasman,Beverages,0,345
2025-03-24,Capital,Dasman,Beverages,0,308
2025-03-31,Capital,Dasman,Beverages,0,357
2025-04-07,Capital,Dasman,Beverages,0,247
2025-04-14,Capital,Dasman,Beverages,0,196
2025-04-21,Capital,Dasman,Beverages,0,241
2025-04-28,Capital,Dasman,Beverages,0,186
2025-05-05,Capital,Dasman,Beverages,0,244
2025-05-12,Capital,Dasman,Beverages,0,181
2025-05-19,Capital,Dasman,Beverages,0,200
2025-05-26,Capital,Dasman,Beverages,0,243
2025-06-02,Capital,Dasman,Beverages,0,218
2025-06-09,Capital,Dasman,Beverages,0,222
2025-06-16,Capital,Dasman,Beverages,1,207
2025-06-23,Capital,Dasman,Beverages,0,214
2025-06-30,Capital,Dasman,Beverages,0,180
2025-07-07,Capital,Dasman,Beverages,0,219
2025-07-14,Capital,Dasman,Beverages,0,186
2025-07-21,Capital,Dasman,Beverages,1,233
2025-07-28,Capital,Dasman,Beverages,0,150
2025-08-04,Capital,Dasman,Beverages,0,158
2025-08-11,Capital,Dasman,Beverages,0,168
2025-08-18,Capital,Dasman,Beverages,0,186
2025-08-25,Capital,Dasman,Beverages,0,181
2025-09-01,Capital,Dasman,Beverages,0,156
2025-09-08,Capital,Dasman,Beverages,0,141
2025-09-15,Capital,Dasman,Beverages,0,139
2025-09-22,Capital,Dasman,Beverages,1,234
2025-09-29,Capital,Dasman,Beverages,0,160
2025-10-06,Capital,Dasman,Beverages,0,141
2025-10-13,Capital,Dasman,Beverages,1,234
2025-10-20,Capital,Dasman,Beverages,0,168
2025-10-27,Capital,Dasman,Beverages,0,174
2025-11-03,Capital,Dasman,Beverages,1,232
2025-11-10,Capital,Dasman,Beverages,1,227
2025-11-17,Capital,Dasman,Beverages,0,165
2025-11-24,Capital,Dasman,Beverages,0,151
2025-12-01,Capital,Dasman,Beverages,0,160
2025-12-08,Capital,Dasman,Beverages,1,224
2025-12-15,Capital,Dasman,Beverages,0,202
2025-12-22,Capital,Dasman,Beverages,0,186
2024-01-01,Capital,Dasman,Snacks,0,84
2024-01-08,Capital,Dasman,Snacks,0,87
2024-01-15,Capital,Dasman,Snacks,1,122
2024-01-22,Capital,Dasman,Snacks,0,96
2024-01-29,Capital,Dasman,Snacks,0,65
2024-02-05,Capital,Dasman,Snacks,0,102
2024-02-12,Capital,Dasman,Snacks,0,92
2024-02-19,Capital,Dasman,Snacks,0,93
2024-02-26,Capital,Dasman,Snacks,0,88
2024-03-04,Capital,Dasman,Snacks,0,97
2024-03-11,Capital,Dasman,Snacks,1,183
2024-03-18,Capital,Dasman,Snacks,0,132
2024-03-25,Capital,Dasman,Snacks,0,117
2024-04-01,Capital,Dasman,Snacks,1,207
2024-04-08,Capital,Dasman,Snacks,0,103
2024-04-15,Capital,Dasman,Snacks,0,89
2024-04-22,Capital,Dasman,Snacks,0,93
2024-04-29,Capital,Dasman,Snacks,0,104
2024-05-06,Capital,Dasman,Snacks,0,91
2024-05-13,Capital,Dasman,Snacks,0,97
2024-05-20,Capital,Dasman,Snacks,0,102
2024-05-27,Capital,Dasman,Snacks,0,99
2024-06-03,Capital,Dasman,Snacks,1,116
2024-06-10,Capital,Dasman,Snacks,0,81
2024-06-17,Capital,Dasman,Snacks,0,84
2024-06-24,Capital,Dasman,Snacks,0,90
2024-07-01,Capital,Dasman,Snacks,0,81
2024-07-08,Capital,Dasman,Snacks,0,93
2024-07-15,Capital,Dasman,Snacks,0,91
2024-07-22,Capital,Dasman,Snacks,0,87
2024-07-29,Capital,Dasman,Snacks,0,80
2024-08-05,Capital,Dasman,Snacks,0,65
2024-08-12,Capital,Dasman,Snacks,0,82
2024-08-19,Capital,Dasman,Snacks,0,75
2024-08-26,Capital,Dasman,Snacks,0,65
2024-09-02,Capital,Dasman,Snacks,1,81
2024-09-09,Capital,Dasman,Snacks,0,63
2024-09-16,Capital,Dasman,Snacks,0,67
2024-09-23,Capital,Dasman,Snacks,0,58
2024-09-30,Capital,Dasman,Snacks,0,73
2024-10-07,Capital,Dasman,Snacks,0,64
2024-10-14,Capital,Dasman,Snacks,0,70
2024-10-21,Capital,Dasman,Snacks,0,57
2024-10-28,Capital,Dasman,Snacks,0,88
2024-11-04,Capital,Dasman,Snacks,0,77
2024-11-11,Capital,Dasman,Snacks,0,71
2024-11-18,Capital,Dasman,Snacks,0,66
2024-11-25,Capital,Dasman,Snacks,0,86
2024-12-02,Capital,Dasman,Snacks,1,97
2024-12-09,Capital,Dasman,Snacks,0,77
2024-12-16,Capital,Dasman,Snacks,0,75
2024-12-23,Capital,Dasman,Snacks,0,75
2024-12-30,Capital,Dasman,Snacks,0,86
2025-01-06,Capital,Dasman,Snacks,0,90
2025-01-13,Capital,Dasman,Snacks,0,88
2025-01-20,Capital,Dasman,Snacks,1,110
2025-01-27,Capital,Dasman,Snacks,0,110
2025-02-03,Capital,Dasman,Snacks,1,147
2025-02-10,Capital,Dasman,Snacks,0,93
2025-02-17,Capital,Dasman,Snacks,0,115
2025-02-24,Capital,Dasman,Snacks,0,105
2025-03-03,Capital,Dasman,Snacks,0,105
2025-03-10,Capital,Dasman,Snacks,1,238
2025-03-17,Capital,Dasman,Snacks,0,183
2025-03-24,Capital,Dasman,Snacks,1,196
2025-03-31,Capital,Dasman,Snacks,0,168
2025-04-07,Capital,Dasman,Snacks,0,102
2025-04-14,Capital,Dasman,Snacks,0,92
2025-04-21,Capital,Dasman,Snacks,0,116
2025-04-28,Capital,Dasman,Snacks,0,111
2025-05-05,Capital,Dasman,Snacks,0,113
2025-05-12,Capital,Dasman,Snacks,0,126
2025-05-19,Capital,Dasman,Snacks,0,100
2025-05-26,Capital,Dasman,Snacks,0,106
2025-06-02,Capital,Dasman,Snacks,0,101
2025-06-09,Capital,Dasman,Snacks,0,80
2025-06-16,Capital,Dasman,Snacks,0,94
2025-06-23,Capital,Dasman,Snacks,0,80
2025-06-30,Capital,Dasman,Snacks,0,91
2025-07-07,Capital,Dasman,Snacks,0,80
2025-07-14,Capital,Dasman,Snacks,1,101
2025-07-21,Capital,Dasman,Snacks,0,95
2025-07-28,Capital,Dasman,Snacks,1,103
2025-08-04,Capital,Dasman,Snacks,0,78
2025-08-11,Capital,Dasman,Snacks,0,81
2025-08-18,Capital,Dasman,Snacks,0,62
2025-08-25,Capital,Dasman,Snacks,0,69
2025-09-01,Capital,Dasman,Snacks,1,90
2025-09-08,Capital,Dasman,Snacks,0,76
2025-09-15,Capital,Dasman,Snacks,0,74
2025-09-22,Capital,Dasman,Snacks,0,68
2025-09-29,Capital,Dasman,Snacks,0,84
2025-10-06,Capital,Dasman,Snacks,0,69
2025-10-13,Capital,Dasman,Snacks,1,88
2025-10-20,Capital,Dasman,Snacks,0,77
2025-10-27,Capital,Dasman,Snacks,0,70
2025-11-03,Capital,Dasman,Snacks,0,86
2025-11-10,Capital,Dasman,Snacks,1,105
2025-11-17,Capital,Dasman,Snacks,0,75
2025-11-24,Capital,Dasman,Snacks,0,100
2025-12-01,Capital,Dasman,Snacks,1,106
2025-12-08,Capital,Dasman,Snacks,0,87
2025-12-15,Capital,Dasman,Snacks,0,92
2025-12-22,Capital,Dasman,Snacks,0,95
2024-01-01,Hawalli,Salmiya,Dairy,0,150
2024-01-08,Hawalli,Salmiya,Dairy,0,145
2024-01-15,Hawalli,Salmiya,Dairy,0,147
2024-01-22,Hawalli,Salmiya,Dairy,0,167
2024-01-29,Hawalli,Salmiya,Dairy,1,198
2024-02-05,Hawalli,Salmiya,Dairy,0,159
2024-02-12,Hawalli,Salmiya,Dairy,0,146
2024-02-19,Hawalli,Salmiya,Dairy,0,173
2024-02-26,Hawalli,Salmiya,Dairy,0,165
2024-03-04,Hawalli,Salmiya,Dairy,0,160
2024-03-11,Hawalli,Salmiya,Dairy,0,281
2024-03-18,Hawalli,Salmiya,Dairy,0,292
2024-03-25,Hawalli,Salmiya,Dairy,0,248
2024-04-01,Hawalli,Salmiya,Dairy,0,225
2024-04-08,Hawalli,Salmiya,Dairy,0,158
2024-04-15,Hawalli,Salmiya,Dairy,0,173
2024-04-22,Hawalli,Salmiya,Dairy,0,179
2024-04-29,Hawalli,Salmiya,Dairy,0,184
2024-05-06,Hawalli,Salmiya,Dairy,1,214
2024-05-13,Hawalli,Salmiya,Dairy,0,155
2024-05-20,Hawalli,Salmiya,Dairy,0,155
2024-05-27,Hawalli,Salmiya,Dairy,0,176
2024-06-03,Hawalli,Salmiya,Dairy,0,150
2024-06-10,Hawalli,Salmiya,Dairy,0,148
2024-06-17,Hawalli,Salmiya,Dairy,0,129
2024-06-24,Hawalli,Salmiya,Dairy,0,147
2024-07-01,Hawalli,Salmiya,Dairy,0,155
2024-07-08,Hawalli,Salmiya,Dairy,0,151
2024-07-15,Hawalli,Salmiya,Dairy,0,145
2024-07-22,Hawalli,Salmiya,Dairy,0,155
2024-07-29,Hawalli,Salmiya,Dairy,0,154
2024-08-05,Hawalli,Salmiya,Dairy,0,134
2024-08-12,Hawalli,Salmiya,Dairy,0,127
2024-08-19,Hawalli,Salmiya,Dairy,0,113
2024-08-26,Hawalli,Salmiya,Dairy,1,168
2024-09-02,Hawalli,Salmiya,Dairy,1,129
2024-09-09,Hawalli,Salmiya,Dairy,1,168
2024-09-16,Hawalli,Salmiya,Dairy,0,122
2024-09-23,Hawalli,Salmiya,Dairy,0,128
2024-09-30,Hawalli,Salmiya,Dairy,0,130
2024-10-07,Hawalli,Salmiya,Dairy,0,129
2024-10-14,Hawalli,Salmiya,Dairy,0,131
2024-10-21,Hawalli,Salmiya,Dairy,0,117
2024-10-28,Hawalli,Salmiya,Dairy,0,116
2024-11-04,Hawalli,Salmiya,Dairy,0,125
2024-11-11,Hawalli,Salmiya,Dairy,0,145
2024-11-18,Hawalli,Salmiya,Dairy,0,125
2024-11-25,Hawalli,Salmiya,Dairy,0,152
2024-12-02,Hawalli,Salmiya,Dairy,0,152
2024-12-09,Hawalli,Salmiya,Dairy,0,134
2024-12-16,Hawalli,Salmiya,Dairy,1,170
2024-12-23,Hawalli,Salmiya,Dairy,0,168
2024-12-30,Hawalli,Salmiya,Dairy,0,191
2025-01-06,Hawalli,Salmiya,Dairy,1,200
2025-01-13,Hawalli,Salmiya,Dairy,0,195
2025-01-20,Hawalli,Salmiya,Dairy,0,153
2025-01-27,Hawalli,Salmiya,Dairy,1,258
2025-02-03,Hawalli,Salmiya,Dairy,0,168
2025-02-10,Hawalli,Salmiya,Dairy,0,186
2025-02-17,Hawalli,Salmiya,Dairy,0,181
2025-02-24,Hawalli,Salmiya,Dairy,1,254
2025-03-03,Hawalli,Salmiya,Dairy,0,213
2025-03-10,Hawalli,Salmiya,Dairy,0,243
2025-03-17,Hawalli,Salmiya,Dairy,0,308
2025-03-24,Hawalli,Salmiya,Dairy,0,314
2025-03-31,Hawalli,Salmiya,Dairy,0,263
2025-04-07,Hawalli,Salmiya,Dairy,0,180
2025-04-14,Hawalli,Salmiya,Dairy,1,282
2025-04-21,Hawalli,Salmiya,Dairy,0,192
2025-04-28,Hawalli,Salmiya,Dairy,0,173
2025-05-05,Hawalli,Salmiya,Dairy,0,188
2025-05-12,Hawalli,Salmiya,Dairy,0,152
2025-05-19,Hawalli,Salmiya,Dairy,1,220
2025-05-26,Hawalli,Salmiya,Dairy,0,197
2025-06-02,Hawalli,Salmiya,Dairy,1,204
2025-06-09,Hawalli,Salmiya,Dairy,0,165
2025-06-16,Hawalli,Salmiya,Dairy,0,178
2025-06-23,Hawalli,Salmiya,Dairy,0,164
2025-06-30,Hawalli,Salmiya,Dairy,0,156
2025-07-07,Hawalli,Salmiya,Dairy,0,152
2025-07-14,Hawalli,Salmiya,Dairy,0,186
2025-07-21,Hawalli,Salmiya,Dairy,0,156
2025-07-28,Hawalli,Salmiya,Dairy,0,147
2025-08-04,Hawalli,Salmiya,Dairy,0,152
2025-08-11,Hawalli,Salmiya,Dairy,0,154
2025-08-18,Hawalli,Salmiya,Dairy,1,202
2025-08-25,Hawalli,Salmiya,Dairy,0,132
2025-09-01,Hawalli,Salmiya,Dairy,0,139
2025-09-08,Hawalli,Salmiya,Dairy,1,160
2025-09-15,Hawalli,Salmiya,Dairy,0,109
2025-09-22,Hawalli,Salmiya,Dairy,0,128
2025-09-29,Hawalli,Salmiya,Dairy,1,178
2025-10-06,Hawalli,Salmiya,Dairy,0,141
2025-10-13,Hawalli,Salmiya,Dairy,0,127
2025-10-20,Hawalli,Salmiya,Dairy,0,122
2025-10-27,Hawalli,Salmiya,Dairy,0,127
2025-11-03,Hawalli,Salmiya,Dairy,1,201
2025-11-10,Hawalli,Salmiya,Dairy,0,165
2025-11-17,Hawalli,Salmiya,Dairy,0,133
2025-11-24,Hawalli,Salmiya,Dairy,0,156
2025-12-01,Hawalli,Salmiya,Dairy,0,156
2025-12-08,Hawalli,Salmiya,Dairy,0,173
2025-12-15,Hawalli,Salmiya,Dairy,0,173
2025-12-22,Hawalli,Salmiya,Dairy,0,174
2024-01-01,Hawalli,Salmiya,Bakery,0,116
2024-01-08,Hawalli,Salmiya,Bakery,1,165
2024-01-15,Hawalli,Salmiya,Bakery,0,97
2024-01-22,Hawalli,Salmiya,Bakery,0,126
2024-01-29,Hawalli,Salmiya,Bakery,0,116
2024-02-05,Hawalli,Salmiya,Bakery,1,153
2024-02-12,Hawalli,Salmiya,Bakery,0,116
2024-02-19,Hawalli,Salmiya,Bakery,0,151
2024-02-26,Hawalli,Salmiya,Bakery,0,139
2024-03-04,Hawalli,Salmiya,Bakery,0,134
2024-03-11,Hawalli,Salmiya,Bakery,0,222
2024-03-18,Hawalli,Salmiya,Bakery,0,203
2024-03-25,Hawalli,Salmiya,Bakery,0,176
2024-04-01,Hawalli,Salmiya,Bakery,0,190
2024-04-08,Hawalli,Salmiya,Bakery,0,141
2024-04-15,Hawalli,Salmiya,Bakery,1,167
2024-04-22,Hawalli,Salmiya,Bakery,0,151
2024-04-29,Hawalli,Salmiya,Bakery,0,144
2024-05-06,Hawalli,Salmiya,Bakery,0,125
2024-05-13,Hawalli,Salmiya,Bakery,0,127
2024-05-20,Hawalli,Salmiya,Bakery,0,127
2024-05-27,Hawalli,Salmiya,Bakery,0,138
2024-06-03,Hawalli,Salmiya,Bakery,0,122
2024-06-10,Hawalli,Salmiya,Bakery,0,125
2024-06-17,Hawalli,Salmiya,Bakery,0,113
2024-06-24,Hawalli,Salmiya,Bakery,1,143
2024-07-01,Hawalli,Salmiya,Bakery,0,107
2024-07-08,Hawalli,Salmiya,Bakery,0,123
2024-07-15,Hawalli,Salmiya,Bakery,1,139
2024-07-22,Hawalli,Salmiya,Bakery,0,108
2024-07-29,Hawalli,Salmiya,Bakery,0,105
2024-08-05,Hawalli,Salmiya,Bakery,0,112
2024-08-12,Hawalli,Salmiya,Bakery,0,116
2024-08-19,Hawalli,Salmiya,Bakery,0,102
2024-08-26,Hawalli,Salmiya,Bakery,0,109
2024-09-02,Hawalli,Salmiya,Bakery,1,120
2024-09-09,Hawalli,Salmiya,Bakery,1,132
2024-09-16,Hawalli,Salmiya,Bakery,0,88
2024-09-23,Hawalli,Salmiya,Bakery,0,92
2024-09-30,Hawalli,Salmiya,Bakery,0,88
2024-10-07,Hawalli,Salmiya,Bakery,0,88
2024-10-14,Hawalli,Salmiya,Bakery,0,96
2024-10-21,Hawalli,Salmiya,Bakery,0,77
2024-10-28,Hawalli,Salmiya,Bakery,0,91
2024-11-04,Hawalli,Salmiya,Bakery,0,88
2024-11-11,Hawalli,Salmiya,Bakery,1,116
2024-11-18,Hawalli,Salmiya,Bakery,1,132
2024-11-25,Hawalli,Salmiya,Bakery,0,107
2024-12-02,Hawalli,Salmiya,Bakery,0,91
2024-12-09,Hawalli,Salmiya,Bakery,0,112
2024-12-16,Hawalli,Salmiya,Bakery,0,122
2024-12-23,Hawalli,Salmiya,Bakery,0,104
2024-12-30,Hawalli,Salmiya,Bakery,1,176
2025-01-06,Hawalli,Salmiya,Bakery,0,114
2025-01-13,Hawalli,Salmiya,Bakery,0,119
2025-01-20,Hawalli,Salmiya,Bakery,0,111
2025-01-27,Hawalli,Salmiya,Bakery,0,117
2025-02-03,Hawalli,Salmiya,Bakery,1,190
2025-02-10,Hawalli,Salmiya,Bakery,0,137
2025-02-17,Hawalli,Salmiya,Bakery,0,151
2025-02-24,Hawalli,Salmiya,Bakery,0,143
2025-03-03,Hawalli,Salmiya,Bakery,0,167
2025-03-10,Hawalli,Salmiya,Bakery,0,191
2025-03-17,Hawalli,Salmiya,Bakery,0,228
2025-03-24,Hawalli,Salmiya,Bakery,1,326
2025-03-31,Hawalli,Salmiya,Bakery,0,205
2025-04-07,Hawalli,Salmiya,Bakery,1,171
2025-04-14,Hawalli,Salmiya,Bakery,0,151
2025-04-21,Hawalli,Salmiya,Bakery,1,194
2025-04-28,Hawalli,Salmiya,Bakery,0,138
2025-05-05,Hawalli,Salmiya,Bakery,0,129
2025-05-12,Hawalli,Salmiya,Bakery,0,139
2025-05-19,Hawalli,Salmiya,Bakery,0,140
2025-05-26,Hawalli,Salmiya,Bakery,0,149
2025-06-02,Hawalli,Salmiya,Bakery,0,131
2025-06-09,Hawalli,Salmiya,Bakery,0,125
2025-06-16,Hawalli,Salmiya,Bakery,0,112
2025-06-23,Hawalli,Salmiya,Bakery,1,177
2025-06-30,Hawalli,Salmiya,Bakery,0,128
2025-07-07,Hawalli,Salmiya,Bakery,1,177
2025-07-14,Hawalli,Salmiya,Bakery,0,121
2025-07-21,Hawalli,Salmiya,Bakery,0,105
2025-07-28,Hawalli,Salmiya,Bakery,0,131
2025-08-04,Hawalli,Salmiya,Bakery,0,123
2025-08-11,Hawalli,Salmiya,Bakery,1,138
2025-08-18,Hawalli,Salmiya,Bakery,0,110
2025-08-25,Hawalli,Salmiya,Bakery,0,113
2025-09-01,Hawalli,Salmiya,Bakery,0,92
2025-09-08,Hawalli,Salmiya,Bakery,1,136
2025-09-15,Hawalli,Salmiya,Bakery,0,79
2025-09-22,Hawalli,Salmiya,Bakery,1,132
2025-09-29,Hawalli,Salmiya,Bakery,0,119
2025-10-06,Hawalli,Salmiya,Bakery,0,94
2025-10-13,Hawalli,Salmiya,Bakery,0,92
2025-10-20,Hawalli,Salmiya,Bakery,0,106
2025-10-27,Hawalli,Salmiya,Bakery,0,100
2025-11-03,Hawalli,Salmiya,Bakery,0,114
2025-11-10,Hawalli,Salmiya,Bakery,0,113
2025-11-17,Hawalli,Salmiya,Bakery,0,125
2025-11-24,Hawalli,Salmiya,Bakery,0,133
2025-12-01,Hawalli,Salmiya,Bakery,0,114
2025-12-08,Hawalli,Salmiya,Bakery,0,117
2025-12-15,Hawalli,Salmiya,Bakery,1,182
2025-12-22,Hawalli,Salmiya,Bakery,0,128
2024-01-01,Hawalli,Salmiya,Beverages,0,166
2024-01-08,Hawalli,Salmiya,Beverages,0,184
2024-01-15,Hawalli,Salmiya,Beverages,0,190
2024-01-22,Hawalli,Salmiya,Beverages,0,182
2024-01-29,Hawalli,Salmiya,Beverages,1,225
2024-02-05,Hawalli,Salmiya,Beverages,0,178
2024-02-12,Hawalli,Salmiya,Beverages,0,218
2024-02-19,Hawalli,Salmiya,Beverages,0,189
2024-02-26,Hawalli,Salmiya,Beverages,0,247
2024-03-04,Hawalli,Salmiya,Beverages,0,211
2024-03-11,Hawalli,Salmiya,Beverages,0,328
2024-03-18,Hawalli,Salmiya,Beverages,1,396
2024-03-25,Hawalli,Salmiya,Beverages,0,286
2024-04-01,Hawalli,Salmiya,Beverages,0,347
2024-04-08,Hawalli,Salmiya,Beverages,1,271
2024-04-15,Hawalli,Salmiya,Beverages,0,221
2024-04-22,Hawalli,Salmiya,Beverages,0,260
2024-04-29,Hawalli,Salmiya,Beverages,1,286
2024-05-06,Hawalli,Salmiya,Beverages,0,250
2024-05-13,Hawalli,Salmiya,Beverages,0,236
2024-05-20,Hawalli,Salmiya,Beverages,0,207
2024-05-27,Hawalli,Salmiya,Beverages,0,210
2024-06-03,Hawalli,Salmiya,Beverages,0,186
2024-06-10,Hawalli,Salmiya,Beverages,0,224
2024-06-17,Hawalli,Salmiya,Beverages,0,218
2024-06-24,Hawalli,Salmiya,Beverages,0,191
2024-07-01,Hawalli,Salmiya,Beverages,0,184
2024-07-08,Hawalli,Salmiya,Beverages,0,196
2024-07-15,Hawalli,Salmiya,Beverages,0,195
2024-07-22,Hawalli,Salmiya,Beverages,1,211
2024-07-29,Hawalli,Salmiya,Beverages,0,174
2024-08-05,Hawalli,Salmiya,Beverages,0,178
2024-08-12,Hawalli,Salmiya,Beverages,0,157
2024-08-19,Hawalli,Salmiya,Beverages,0,169
2024-08-26,Hawalli,Salmiya,Beverages,0,157
2024-09-02,Hawalli,Salmiya,Beverages,0,169
2024-09-09,Hawalli,Salmiya,Beverages,1,189
2024-09-16,Hawalli,Salmiya,Beverages,0,148
2024-09-23,Hawalli,Salmiya,Beverages,0,159
2024-09-30,Hawalli,Salmiya,Beverages,0,137
2024-10-07,Hawalli,Salmiya,Beverages,0,139
2024-10-14,Hawalli,Salmiya,Beverages,1,219
2024-10-21,Hawalli,Salmiya,Beverages,0,141
2024-10-28,Hawalli,Salmiya,Beverages,0,150
2024-11-04,Hawalli,Salmiya,Beverages,0,176
2024-11-11,Hawalli,Salmiya,Beverages,0,170
2024-11-18,Hawalli,Salmiya,Beverages,1,229
2024-11-25,Hawalli,Salmiya,Beverages,0,195
2024-12-02,Hawalli,Salmiya,Beverages,0,190
2024-12-09,Hawalli,Salmiya,Beverages,0,211
2024-12-16,Hawalli,Salmiya,Beverages,1,271
2024-12-23,Hawalli,Salmiya,Beverages,0,188
2024-12-30,Hawalli,Salmiya,Beverages,0,165
2025-01-06,Hawalli,Salmiya,Beverages,1,249
2025-01-13,Hawalli,Salmiya,Beverages,0,182
2025-01-20,Hawalli,Salmiya,Beverages,0,220
2025-01-27,Hawalli,Salmiya,Beverages,0,206
2025-02-03,Hawalli,Salmiya,Beverages,1,263
2025-02-10,Hawalli,Salmiya,Beverages,0,230
2025-02-17,Hawalli,Salmiya,Beverages,0,204
2025-02-24,Hawalli,Salmiya,Beverages,0,219
2025-03-03,Hawalli,Salmiya,Beverages,0,282
2025-03-10,Hawalli,Salmiya,Beverages,0,344
2025-03-17,Hawalli,Salmiya,Beverages,0,311
2025-03-24,Hawalli,Salmiya,Beverages,0,382
2025-03-31,Hawalli,Salmiya,Beverages,1,470
2025-04-07,Hawalli,Salmiya,Beverages,0,250
2025-04-14,Hawalli,Salmiya,Beverages,0,233
2025-04-21,Hawalli,Salmiya,Beverages,0,229
2025-04-28,Hawalli,Salmiya,Beverages,0,222
2025-05-05,Hawalli,Salmiya,Beverages,0,212
2025-05-12,Hawalli,Salmiya,Beverages,0,250
2025-05-19,Hawalli,Salmiya,Beverages,0,215
2025-05-26,Hawalli,Salmiya,Beverages,0,238
2025-06-02,Hawalli,Salmiya,Beverages,0,222
2025-06-09,Hawalli,Salmiya,Beverages,0,210
2025-06-16,Hawalli,Salmiya,Beverages,0,181
2025-06-23,Hawalli,Salmiya,Beverages,0,220
2025-06-30,Hawalli,Salmiya,Beverages,0,211
2025-07-07,Hawalli,Salmiya,Beverages,1,268
2025-07-14,Hawalli,Salmiya,Beverages,0,211
2025-07-21,Hawalli,Salmiya,Beverages,1,285
2025-07-28,Hawalli,Salmiya,Beverages,0,205
2025-08-04,Hawalli,Salmiya,Beverages,0,161
2025-08-11,Hawalli,Salmiya,Beverages,1,217
2025-08-18,Hawalli,Salmiya,Beverages,0,199
2025-08-25,Hawalli,Salmiya,Beverages,0,188
2025-09-01,Hawalli,Salmiya,Beverages,1,219
2025-09-08,Hawalli,Salmiya,Beverages,0,166
2025-09-15,Hawalli,Salmiya,Beverages,1,204
2025-09-22,Hawalli,Salmiya,Beverages,1,253
2025-09-29,Hawalli,Salmiya,Beverages,0,151
2025-10-06,Hawalli,Salmiya,Beverages,1,241
2025-10-13,Hawalli,Salmiya,Beverages,1,226
2025-10-20,Hawalli,Salmiya,Beverages,0,164
2025-10-27,Hawalli,Salmiya,Beverages,0,159
2025-11-03,Hawalli,Salmiya,Beverages,0,199
2025-11-10,Hawalli,Salmiya,Beverages,0,191
2025-11-17,Hawalli,Salmiya,Beverages,0,211
2025-11-24,Hawalli,Salmiya,Beverages,1,273
2025-12-01,Hawalli,Salmiya,Beverages,0,181
2025-12-08,Hawalli,Salmiya,Beverages,0,197
2025-12-15,Hawalli,Salmiya,Beverages,0,177
2025-12-22,Hawalli,Salmiya,Beverages,0,240
2024-01-01,Hawalli,Salmiya,Snacks,0,88
2024-01-08,Hawalli,Salmiya,Snacks,0,81
2024-01-15,Hawalli,Salmiya,Snacks,0,90
2024-01-22,Hawalli,Salmiya,Snacks,0,82
2024-01-29,Hawalli,Salmiya,Snacks,0,90
2024-02-05,Hawalli,Salmiya,Snacks,0,98
2024-02-12,Hawalli,Salmiya,Snacks,1,137
2024-02-19,Hawalli,Salmiya,Snacks,0,96
2024-02-26,Hawalli,Salmiya,Snacks,1,128
2024-03-04,Hawalli,Salmiya,Snacks,0,98
2024-03-11,Hawalli,Salmiya,Snacks,0,157
2024-03-18,Hawalli,Salmiya,Snacks,0,127
2024-03-25,Hawalli,Salmiya,Snacks,0,145
2024-04-01,Hawalli,Salmiya,Snacks,0,145
2024-04-08,Hawalli,Salmiya,Snacks,0,112
2024-04-15,Hawalli,Salmiya,Snacks,1,121
2024-04-22,Hawalli,Salmiya,Snacks,0,113
2024-04-29,Hawalli,Salmiya,Snacks,0,111
2024-05-06,Hawalli,Salmiya,Snacks,0,112
2024-05-13,Hawalli,Salmiya,Snacks,0,93
2024-05-20,Hawalli,Salmiya,Snacks,0,93
2024-05-27,Hawalli,Salmiya,Snacks,0,99
2024-06-03,Hawalli,Salmiya,Snacks,0,91
2024-06-10,Hawalli,Salmiya,Snacks,0,90
2024-06-17,Hawalli,Salmiya,Snacks,0,93
2024-06-24,Hawalli,Salmiya,Snacks,0,92
2024-07-01,Hawalli,Salmiya,Snacks,0,90
2024-07-08,Hawalli,Salmiya,Snacks,0,84
2024-07-15,Hawalli,Salmiya,Snacks,0,79
2024-07-22,Hawalli,Salmiya,Snacks,0,75
2024-07-29,Hawalli,Salmiya,Snacks,0,79
2024-08-05,Hawalli,Salmiya,Snacks,0,76
2024-08-12,Hawalli,Salmiya,Snacks,1,97
2024-08-19,Hawalli,Salmiya,Snacks,0,80
2024-08-26,Hawalli,Salmiya,Snacks,0,69
2024-09-02,Hawalli,Salmiya,Snacks,0,83
2024-09-09,Hawalli,Salmiya,Snacks,0,69
2024-09-16,Hawalli,Salmiya,Snacks,0,78
2024-09-23,Hawalli,Salmiya,Snacks,0,68
2024-09-30,Hawalli,Salmiya,Snacks,0,73
2024-10-07,Hawalli,Salmiya,Snacks,0,70
2024-10-14,Hawalli,Salmiya,Snacks,0,63
2024-10-21,Hawalli,Salmiya,Snacks,0,75
2024-10-28,Hawalli,Salmiya,Snacks,0,65
2024-11-04,Hawalli,Salmiya,Snacks,0,72
2024-11-11,Hawalli,Salmiya,Snacks,0,82
2024-11-18,Hawalli,Salmiya,Snacks,0,98
2024-11-25,Hawalli,Salmiya,Snacks,0,76
2024-12-02,Hawalli,Salmiya,Snacks,0,57
2024-12-09,Hawalli,Salmiya,Snacks,0,83
2024-12-16,Hawalli,Salmiya,Snacks,0,92
2024-12-23,Hawalli,Salmiya,Snacks,0,92
2024-12-30,Hawalli,Salmiya,Snacks,0,105
2025-01-06,Hawalli,Salmiya,Snacks,0,91
2025-01-13,Hawalli,Salmiya,Snacks,0,112
2025-01-20,Hawalli,Salmiya,Snacks,0,107
2025-01-27,Hawalli,Salmiya,Snacks,0,104
2025-02-03,Hawalli,Salmiya,Snacks,0,106
2025-02-10,Hawalli,Salmiya,Snacks,0,112
2025-02-17,Hawalli,Salmiya,Snacks,0,118
2025-02-24,Hawalli,Salmiya,Snacks,0,108
2025-03-03,Hawalli,Salmiya,Snacks,1,141
2025-03-10,Hawalli,Salmiya,Snacks,0,161
2025-03-17,Hawalli,Salmiya,Snacks,0,161
2025-03-24,Hawalli,Salmiya,Snacks,1,235
2025-03-31,Hawalli,Salmiya,Snacks,0,178
2025-04-07,Hawalli,Salmiya,Snacks,1,128
2025-04-14,Hawalli,Salmiya,Snacks,0,110
2025-04-21,Hawalli,Salmiya,Snacks,0,103
2025-04-28,Hawalli,Salmiya,Snacks,0,112
2025-05-05,Hawalli,Salmiya,Snacks,0,109
2025-05-12,Hawalli,Salmiya,Snacks,0,104
2025-05-19,Hawalli,Salmiya,Snacks,0,116
2025-05-26,Hawalli,Salmiya,Snacks,0,104
2025-06-02,Hawalli,Salmiya,Snacks,1,140
2025-06-09,Hawalli,Salmiya,Snacks,0,102
2025-06-16,Hawalli,Salmiya,Snacks,0,107
2025-06-23,Hawalli,Salmiya,Snacks,1,136
2025-06-30,Hawalli,Salmiya,Snacks,0,95
2025-07-07,Hawalli,Salmiya,Snacks,1,128
2025-07-14,Hawalli,Salmiya,Snacks,0,94
2025-07-21,Hawalli,Salmiya,Snacks,0,101
2025-07-28,Hawalli,Salmiya,Snacks,0,82
2025-08-04,Hawalli,Salmiya,Snacks,0,87
2025-08-11,Hawalli,Salmiya,Snacks,1,109
2025-08-18,Hawalli,Salmiya,Snacks,0,81
2025-08-25,Hawalli,Salmiya,Snacks,0,95
2025-09-01,Hawalli,Salmiya,Snacks,0,82
2025-09-08,Hawalli,Salmiya,Snacks,0,86
2025-09-15,Hawalli,Salmiya,Snacks,0,86
2025-09-22,Hawalli,Salmiya,Snacks,0,80
2025-09-29,Hawalli,Salmiya,Snacks,0,80
2025-10-06,Hawalli,Salmiya,Snacks,0,73
2025-10-13,Hawalli,Salmiya,Snacks,0,74
2025-10-20,Hawalli,Salmiya,Snacks,0,80
2025-10-27,Hawalli,Salmiya,Snacks,0,69
2025-11-03,Hawalli,Salmiya,Snacks,0,89
2025-11-10,Hawalli,Salmiya,Snacks,1,126
2025-11-17,Hawalli,Salmiya,Snacks,0,77
2025-11-24,Hawalli,Salmiya,Snacks,0,92
2025-12-01,Hawalli,Salmiya,Snacks,0,99
2025-12-08,Hawalli,Salmiya,Snacks,0,89
2025-12-15,Hawalli,Salmiya,Snacks,0,90
2025-12-22,Hawalli,Salmiya,Snacks,0,86
2024-01-01,Hawalli,Jabriya,Dairy,0,148
2024-01-08,Hawalli,Jabriya,Dairy,1,165
2024-01-15,Hawalli,Jabriya,Dairy,0,150
2024-01-22,Hawalli,Jabriya,Dairy,0,153
2024-01-29,Hawalli,Jabriya,Dairy,1,214
2024-02-05,Hawalli,Jabriya,Dairy,0,170
2024-02-12,Hawalli,Jabriya,Dairy,0,166
2024-02-19,Hawalli,Jabriya,Dairy,0,183
2024-02-26,Hawalli,Jabriya,Dairy,0,187
2024-03-04,Hawalli,Jabriya,Dairy,0,182
2024-03-11,Hawalli,Jabriya,Dairy,0,291
2024-03-18,Hawalli,Jabriya,Dairy,0,278
2024-03-25,Hawalli,Jabriya,Dairy,0,273
2024-04-01,Hawalli,Jabriya,Dairy,0,271
2024-04-08,Hawalli,Jabriya,Dairy,0,210
2024-04-15,Hawalli,Jabriya,Dairy,0,167
2024-04-22,Hawalli,Jabriya,Dairy,1,223
2024-04-29,Hawalli,Jabriya,Dairy,0,193
2024-05-06,Hawalli,Jabriya,Dairy,0,192
2024-05-13,Hawalli,Jabriya,Dairy,0,212
2024-05-20,Hawalli,Jabriya,Dairy,0,142
2024-05-27,Hawalli,Jabriya,Dairy,0,170
2024-06-03,Hawalli,Jabriya,Dairy,1,181
2024-06-10,Hawalli,Jabriya,Dairy,0,194
2024-06-17,Hawalli,Jabriya,Dairy,0,183
2024-06-24,Hawalli,Jabriya,Dairy,1,254
2024-07-01,Hawalli,Jabriya,Dairy,0,155
2024-07-08,Hawalli,Jabriya,Dairy,0,161
2024-07-15,Hawalli,Jabriya,Dairy,0,160
2024-07-22,Hawalli,Jabriya,Dairy,0,123
2024-07-29,Hawalli,Jabriya,Dairy,0,138
2024-08-05,Hawalli,Jabriya,Dairy,0,144
2024-08-12,Hawalli,Jabriya,Dairy,0,120
2024-08-19,Hawalli,Jabriya,Dairy,0,127
2024-08-26,Hawalli,Jabriya,Dairy,0,144
2024-09-02,Hawalli,Jabriya,Dairy,0,135
2024-09-09,Hawalli,Jabriya,Dairy,1,150
2024-09-16,Hawalli,Jabriya,Dairy,0,116
2024-09-23,Hawalli,Jabriya,Dairy,0,131
2024-09-30,Hawalli,Jabriya,Dairy,0,111
2024-10-07,Hawalli,Jabriya,Dairy,0,118
2024-10-14,Hawalli,Jabriya,Dairy,1,164
2024-10-21,Hawalli,Jabriya,Dairy,0,140
2024-10-28,Hawalli,Jabriya,Dairy,0,124
2024-11-04,Hawalli,Jabriya,Dairy,1,169
2024-11-11,Hawalli,Jabriya,Dairy,0,138
2024-11-18,Hawalli,Jabriya,Dairy,0,135
2024-11-25,Hawalli,Jabriya,Dairy,0,141
2024-12-02,Hawalli,Jabriya,Dairy,0,168
2024-12-09,Hawalli,Jabriya,Dairy,0,174
2024-12-16,Hawalli,Jabriya,Dairy,0,162
2024-12-23,Hawalli,Jabriya,Dairy,1,215
2024-12-30,Hawalli,Jabriya,Dairy,0,170
2025-01-06,Hawalli,Jabriya,Dairy,0,191
2025-01-13,Hawalli,Jabriya,Dairy,0,171
2025-01-20,Hawalli,Jabriya,Dairy,0,196
2025-01-27,Hawalli,Jabriya,Dairy,0,198
2025-02-03,Hawalli,Jabriya,Dairy,0,217
2025-02-10,Hawalli,Jabriya,Dairy,1,272
2025-02-17,Hawalli,Jabriya,Dairy,0,190
2025-02-24,Hawalli,Jabriya,Dairy,0,206
2025-03-03,Hawalli,Jabriya,Dairy,0,209
2025-03-10,Hawalli,Jabriya,Dairy,0,274
2025-03-17,Hawalli,Jabriya,Dairy,1,374
2025-03-24,Hawalli,Jabriya,Dairy,0,270
2025-03-31,Hawalli,Jabriya,Dairy,0,260
2025-04-07,Hawalli,Jabriya,Dairy,0,219
2025-04-14,Hawalli,Jabriya,Dairy,0,185
2025-04-21,Hawalli,Jabriya,Dairy,1,272
2025-04-28,Hawalli,Jabriya,Dairy,0,193
2025-05-05,Hawalli,Jabriya,Dairy,0,222
2025-05-12,Hawalli,Jabriya,Dairy,0,207
2025-05-19,Hawalli,Jabriya,Dairy,0,205
2025-05-26,Hawalli,Jabriya,Dairy,1,272
2025-06-02,Hawalli,Jabriya,Dairy,0,193
2025-06-09,Hawalli,Jabriya,Dairy,0,169
2025-06-16,Hawalli,Jabriya,Dairy,0,184
2025-06-23,Hawalli,Jabriya,Dairy,0,185
2025-06-30,Hawalli,Jabriya,Dairy,0,174
2025-07-07,Hawalli,Jabriya,Dairy,0,175
2025-07-14,Hawalli,Jabriya,Dairy,0,148
2025-07-21,Hawalli,Jabriya,Dairy,1,215
2025-07-28,Hawalli,Jabriya,Dairy,1,245
2025-08-04,Hawalli,Jabriya,Dairy,1,185
2025-08-11,Hawalli,Jabriya,Dairy,0,139
2025-08-18,Hawalli,Jabriya,Dairy,1,237
2025-08-25,Hawalli,Jabriya,Dairy,0,155
2025-09-01,Hawalli,Jabriya,Dairy,0,166
2025-09-08,Hawalli,Jabriya,Dairy,0,157
2025-09-15,Hawalli,Jabriya,Dairy,0,123
2025-09-22,Hawalli,Jabriya,Dairy,0,158
2025-09-29,Hawalli,Jabriya,Dairy,0,142
2025-10-06,Hawalli,Jabriya,Dairy,0,131
2025-10-13,Hawalli,Jabriya,Dairy,0,150
2025-10-20,Hawalli,Jabriya,Dairy,0,148
2025-10-27,Hawalli,Jabriya,Dairy,0,152
2025-11-03,Hawalli,Jabriya,Dairy,0,132
2025-11-10,Hawalli,Jabriya,Dairy,0,181
2025-11-17,Hawalli,Jabriya,Dairy,0,153
2025-11-24,Hawalli,Jabriya,Dairy,0,173
2025-12-01,Hawalli,Jabriya,Dairy,0,140
2025-12-08,Hawalli,Jabriya,Dairy,0,150
2025-12-15,Hawalli,Jabriya,Dairy,1,236
2025-12-22,Hawalli,Jabriya,Dairy,0,191
2024-01-01,Hawalli,Jabriya,Bakery,0,105
2024-01-08,Hawalli,Jabriya,Bakery,0,123
2024-01-15,Hawalli,Jabriya,Bakery,0,111
2024-01-22,Hawalli,Jabriya,Bakery,0,116
2024-01-29,Hawalli,Jabriya,Bakery,0,117
2024-02-05,Hawalli,Jabriya,Bakery,1,150
2024-02-12,Hawalli,Jabriya,Bakery,0,114
2024-02-19,Hawalli,Jabriya,Bakery,1,173
2024-02-26,Hawalli,Jabriya,Bakery,0,147
2024-03-04,Hawalli,Jabriya,Bakery,0,144
2024-03-11,Hawalli,Jabriya,Bakery,0,241
2024-03-18,Hawalli,Jabriya,Bakery,0,198
2024-03-25,Hawalli,Jabriya,Bakery,0,210
2024-04-01,Hawalli,Jabriya,Bakery,0,189
2024-04-08,Hawalli,Jabriya,Bakery,0,141
2024-04-15,Hawalli,Jabriya,Bakery,0,152
2024-04-22,Hawalli,Jabriya,Bakery,0,143
2024-04-29,Hawalli,Jabriya,Bakery,0,128
2024-05-06,Hawalli,Jabriya,Bakery,0,125
2024-05-13,Hawalli,Jabriya,Bakery,0,129
2024-05-20,Hawalli,Jabriya,Bakery,0,121
2024-05-27,Hawalli,Jabriya,Bakery,0,117
2024-06-03,Hawalli,Jabriya,Bakery,0,131
2024-06-10,Hawalli,Jabriya,Bakery,0,112
2024-06-17,Hawalli,Jabriya,Bakery,0,115
2024-06-24,Hawalli,Jabriya,Bakery,0,125
2024-07-01,Hawalli,Jabriya,Bakery,0,99
2024-07-08,Hawalli,Jabriya,Bakery,0,121
2024-07-15,Hawalli,Jabriya,Bakery,1,133
2024-07-22,Hawalli,Jabriya,Bakery,0,96
2024-07-29,Hawalli,Jabriya,Bakery,1,135
2024-08-05,Hawalli,Jabriya,Bakery,0,100
2024-08-12,Hawalli,Jabriya,Bakery,0,99
2024-08-19,Hawalli,Jabriya,Bakery,0,112
2024-08-26,Hawalli,Jabriya,Bakery,0,99
2024-09-02,Hawalli,Jabriya,Bakery,1,108
2024-09-09,Hawalli,Jabriya,Bakery,0,92
2024-09-16,Hawalli,Jabriya,Bakery,0,98
2024-09-23,Hawalli,Jabriya,Bakery,0,97
2024-09-30,Hawalli,Jabriya,Bakery,0,86
2024-10-07,Hawalli,Jabriya,Bakery,1,118
2024-10-14,Hawalli,Jabriya,Bakery,0,90
2024-10-21,Hawalli,Jabriya,Bakery,0,86
2024-10-28,Hawalli,Jabriya,Bakery,0,98
2024-11-04,Hawalli,Jabriya,Bakery,0,94
2024-11-11,Hawalli,Jabriya,Bakery,0,101
2024-11-18,Hawalli,Jabriya,Bakery,0,106
2024-11-25,Hawalli,Jabriya,Bakery,1,132
2024-12-02,Hawalli,Jabriya,Bakery,1,162
2024-12-09,Hawalli,Jabriya,Bakery,0,106
2024-12-16,Hawalli,Jabriya,Bakery,0,119
2024-12-23,Hawalli,Jabriya,Bakery,1,154
2024-12-30,Hawalli,Jabriya,Bakery,0,125
2025-01-06,Hawalli,Jabriya,Bakery,0,143
2025-01-13,Hawalli,Jabriya,Bakery,0,119
2025-01-20,Hawalli,Jabriya,Bakery,0,144
2025-01-27,Hawalli,Jabriya,Bakery,0,125
2025-02-03,Hawalli,Jabriya,Bakery,0,148
2025-02-10,Hawalli,Jabriya,Bakery,1,167
2025-02-17,Hawalli,Jabriya,Bakery,0,143
2025-02-24,Hawalli,Jabriya,Bakery,0,140
2025-03-03,Hawalli,Jabriya,Bakery,0,145
2025-03-10,Hawalli,Jabriya,Bakery,1,311
2025-03-17,Hawalli,Jabriya,Bakery,0,244
2025-03-24,Hawalli,Jabriya,Bakery,0,224
2025-03-31,Hawalli,Jabriya,Bakery,0,213
2025-04-07,Hawalli,Jabriya,Bakery,1,218
2025-04-14,Hawalli,Jabriya,Bakery,0,140
2025-04-21,Hawalli,Jabriya,Bakery,0,135
2025-04-28,Hawalli,Jabriya,Bakery,0,152
2025-05-05,Hawalli,Jabriya,Bakery,0,150
2025-05-12,Hawalli,Jabriya,Bakery,1,198
2025-05-19,Hawalli,Jabriya,Bakery,0,148
2025-05-26,Hawalli,Jabriya,Bakery,1,236
2025-06-02,Hawalli,Jabriya,Bakery,0,133
2025-06-09,Hawalli,Jabriya,Bakery,0,135
2025-06-16,Hawalli,Jabriya,Bakery,0,128
2025-06-23,Hawalli,Jabriya,Bakery,0,145
2025-06-30,Hawalli,Jabriya,Bakery,0,122
2025-07-07,Hawalli,Jabriya,Bakery,1,149
2025-07-14,Hawalli,Jabriya,Bakery,0,122
2025-07-21,Hawalli,Jabriya,Bakery,0,115
2025-07-28,Hawalli,Jabriya,Bakery,1,158
2025-08-04,Hawalli,Jabriya,Bakery,0,95
2025-08-11,Hawalli,Jabriya,Bakery,0,121
2025-08-18,Hawalli,Jabriya,Bakery,0,113
2025-08-25,Hawalli,Jabriya,Bakery,1,136
2025-09-01,Hawalli,Jabriya,Bakery,0,101
2025-09-08,Hawalli,Jabriya,Bakery,0,109
2025-09-15,Hawalli,Jabriya,Bakery,1,133
2025-09-22,Hawalli,Jabriya,Bakery,1,140
2025-09-29,Hawalli,Jabriya,Bakery,0,121
2025-10-06,Hawalli,Jabriya,Bakery,0,105
2025-10-13,Hawalli,Jabriya,Bakery,0,116
2025-10-20,Hawalli,Jabriya,Bakery,0,112
2025-10-27,Hawalli,Jabriya,Bakery,0,103
2025-11-03,Hawalli,Jabriya,Bakery,0,123
2025-11-10,Hawalli,Jabriya,Bakery,0,120
2025-11-17,Hawalli,Jabriya,Bakery,1,138
2025-11-24,Hawalli,Jabriya,Bakery,0,122
2025-12-01,Hawalli,Jabriya,Bakery,1,185
2025-12-08,Hawalli,Jabriya,Bakery,1,177
2025-12-15,Hawalli,Jabriya,Bakery,0,138
2025-12-22,Hawalli,Jabriya,Bakery,0,128
2024-01-01,Hawalli,Jabriya,Beverages,1,241
2024-01-08,Hawalli,Jabriya,Beverages,0,199
2024-01-15,Hawalli,Jabriya,Beverages,0,184
2024-01-22,Hawalli,Jabriya,Beverages,1,223
2024-01-29,Hawalli,Jabriya,Beverages,0,236
2024-02-05,Hawalli,Jabriya,Beverages,0,199
2024-02-12,Hawalli,Jabriya,Beverages,0,184
2024-02-19,Hawalli,Jabriya,Beverages,0,169
2024-02-26,Hawalli,Jabriya,Beverages,0,255
2024-03-04,Hawalli,Jabriya,Beverages,0,223
2024-03-11,Hawalli,Jabriya,Beverages,0,306
2024-03-18,Hawalli,Jabriya,Beverages,0,302
2024-03-25,Hawalli,Jabriya,Beverages,0,368
2024-04-01,Hawalli,Jabriya,Beverages,0,328
2024-04-08,Hawalli,Jabriya,Beverages,1,268
2024-04-15,Hawalli,Jabriya,Beverages,1,313
2024-04-22,Hawalli,Jabriya,Beverages,1,301
2024-04-29,Hawalli,Jabriya,Beverages,0,217
2024-05-06,Hawalli,Jabriya,Beverages,0,214
2024-05-13,Hawalli,Jabriya,Beverages,0,212
2024-05-20,Hawalli,Jabriya,Beverages,1,289
2024-05-27,Hawalli,Jabriya,Beverages,0,209
2024-06-03,Hawalli,Jabriya,Beverages,0,193
2024-06-10,Hawalli,Jabriya,Beverages,0,229
2024-06-17,Hawalli,Jabriya,Beverages,0,231
2024-06-24,Hawalli,Jabriya,Beverages,0,198
2024-07-01,Hawalli,Jabriya,Beverages,0,197
2024-07-08,Hawalli,Jabriya,Beverages,0,209
2024-07-15,Hawalli,Jabriya,Beverages,0,176
2024-07-22,Hawalli,Jabriya,Beverages,0,188
2024-07-29,Hawalli,Jabriya,Beverages,0,197
2024-08-05,Hawalli,Jabriya,Beverages,0,170
2024-08-12,Hawalli,Jabriya,Beverages,0,140
2024-08-19,Hawalli,Jabriya,Beverages,0,149
2024-08-26,Hawalli,Jabriya,Beverages,1,199
2024-09-02,Hawalli,Jabriya,Beverages,0,161
2024-09-09,Hawalli,Jabriya,Beverages,0,136
2024-09-16,Hawalli,Jabriya,Beverages,0,137
2024-09-23,Hawalli,Jabriya,Beverages,1,212
2024-09-30,Hawalli,Jabriya,Beverages,0,187
2024-10-07,Hawalli,Jabriya,Beverages,0,167
2024-10-14,Hawalli,Jabriya,Beverages,0,157
2024-10-21,Hawalli,Jabriya,Beverages,0,178
2024-10-28,Hawalli,Jabriya,Beverages,0,180
2024-11-04,Hawalli,Jabriya,Beverages,0,182
2024-11-11,Hawalli,Jabriya,Beverages,0,152
2024-11-18,Hawalli,Jabriya,Beverages,0,204
2024-11-25,Hawalli,Jabriya,Beverages,0,157
2024-12-02,Hawalli,Jabriya,Beverages,0,179
2024-12-09,Hawalli,Jabriya,Beverages,0,151
2024-12-16,Hawalli,Jabriya,Beverages,0,201
2024-12-23,Hawalli,Jabriya,Beverages,0,197
2024-12-30,Hawalli,Jabriya,Beverages,0,219
2025-01-06,Hawalli,Jabriya,Beverages,0,208
2025-01-13,Hawalli,Jabriya,Beverages,0,195
2025-01-20,Hawalli,Jabriya,Beverages,0,223
2025-01-27,Hawalli,Jabriya,Beverages,0,201
2025-02-03,Hawalli,Jabriya,Beverages,0,279
2025-02-10,Hawalli,Jabriya,Beverages,0,204
2025-02-17,Hawalli,Jabriya,Beverages,0,258
2025-02-24,Hawalli,Jabriya,Beverages,0,224
2025-03-03,Hawalli,Jabriya,Beverages,1,305
2025-03-10,Hawalli,Jabriya,Beverages,0,350
2025-03-17,Hawalli,Jabriya,Beverages,1,517
2025-03-24,Hawalli,Jabriya,Beverages,0,375
2025-03-31,Hawalli,Jabriya,Beverages,0,380
2025-04-07,Hawalli,Jabriya,Beverages,0,227
2025-04-14,Hawalli,Jabriya,Beverages,0,278
2025-04-21,Hawalli,Jabriya,Beverages,0,251
2025-04-28,Hawalli,Jabriya,Beverages,0,245
2025-05-05,Hawalli,Jabriya,Beverages,0,286
2025-05-12,Hawalli,Jabriya,Beverages,0,271
2025-05-19,Hawalli,Jabriya,Beverages,0,248
2025-05-26,Hawalli,Jabriya,Beverages,0,259
2025-06-02,Hawalli,Jabriya,Beverages,0,213
2025-06-09,Hawalli,Jabriya,Beverages,0,230
2025-06-16,Hawalli,Jabriya,Beverages,0,232
2025-06-23,Hawalli,Jabriya,Beverages,0,215
2025-06-30,Hawalli,Jabriya,Beverages,1,267
2025-07-07,Hawalli,Jabriya,Beverages,1,273
2025-07-14,Hawalli,Jabriya,Beverages,0,186
2025-07-21,Hawalli,Jabriya,Beverages,0,200
2025-07-28,Hawalli,Jabriya,Beverages,0,217
2025-08-04,Hawalli,Jabriya,Beverages,0,202
2025-08-11,Hawalli,Jabriya,Beverages,1,251
2025-08-18,Hawalli,Jabriya,Beverages,0,175
2025-08-25,Hawalli,Jabriya,Beverages,0,215
2025-09-01,Hawalli,Jabriya,Beverages,1,234
2025-09-08,Hawalli,Jabriya,Beverages,0,160
2025-09-15,Hawalli,Jabriya,Beverages,0,209
2025-09-22,Hawalli,Jabriya,Beverages,0,207
2025-09-29,Hawalli,Jabriya,Beverages,0,176
2025-10-06,Hawalli,Jabriya,Beverages,0,185
2025-10-13,Hawalli,Jabriya,Beverages,0,183
2025-10-20,Hawalli,Jabriya,Beverages,0,181
2025-10-27,Hawalli,Jabriya,Beverages,0,195
2025-11-03,Hawalli,Jabriya,Beverages,0,174
2025-11-10,Hawalli,Jabriya,Beverages,1,232
2025-11-17,Hawalli,Jabriya,Beverages,1,230
2025-11-24,Hawalli,Jabriya,Beverages,0,206
2025-12-01,Hawalli,Jabriya,Beverages,1,266
2025-12-08,Hawalli,Jabriya,Beverages,0,209
2025-12-15,Hawalli,Jabriya,Beverages,0,236
2025-12-22,Hawalli,Jabriya,Beverages,0,213
2024-01-01,Hawalli,Jabriya,Snacks,0,86
2024-01-08,Hawalli,Jabriya,Snacks,0,93
2024-01-15,Hawalli,Jabriya,Snacks,0,108
2024-01-22,Hawalli,Jabriya,Snacks,0,111
2024-01-29,Hawalli,Jabriya,Snacks,0,103
2024-02-05,Hawalli,Jabriya,Snacks,0,100
2024-02-12,Hawalli,Jabriya,Snacks,0,107
2024-02-19,Hawalli,Jabriya,Snacks,0,92
2024-02-26,Hawalli,Jabriya,Snacks,0,111
2024-03-04,Hawalli,Jabriya,Snacks,0,116
2024-03-11,Hawalli,Jabriya,Snacks,0,155
2024-03-18,Hawalli,Jabriya,Snacks,0,137
2024-03-25,Hawalli,Jabriya,Snacks,0,168
2024-04-01,Hawalli,Jabriya,Snacks,1,198
2024-04-08,Hawalli,Jabriya,Snacks,0,109
2024-04-15,Hawalli,Jabriya,Snacks,1,133
2024-04-22,Hawalli,Jabriya,Snacks,1,144
2024-04-29,Hawalli,Jabriya,Snacks,0,95
2024-05-06,Hawalli,Jabriya,Snacks,0,104
2024-05-13,Hawalli,Jabriya,Snacks,0,112
2024-05-20,Hawalli,Jabriya,Snacks,0,102
2024-05-27,Hawalli,Jabriya,Snacks,0,100
2024-06-03,Hawalli,Jabriya,Snacks,0,112
2024-06-10,Hawalli,Jabriya,Snacks,0,120
2024-06-17,Hawalli,Jabriya,Snacks,0,95
2024-06-24,Hawalli,Jabriya,Snacks,0,92
2024-07-01,Hawalli,Jabriya,Snacks,0,84
2024-07-08,Hawalli,Jabriya,Snacks,0,92
2024-07-15,Hawalli,Jabriya,Snacks,0,95
2024-07-22,Hawalli,Jabriya,Snacks,0,88
2024-07-29,Hawalli,Jabriya,Snacks,0,80
2024-08-05,Hawalli,Jabriya,Snacks,0,85
2024-08-12,Hawalli,Jabriya,Snacks,0,80
2024-08-19,Hawalli,Jabriya,Snacks,1,98
2024-08-26,Hawalli,Jabriya,Snacks,0,70
2024-09-02,Hawalli,Jabriya,Snacks,0,78
2024-09-09,Hawalli,Jabriya,Snacks,0,75
2024-09-16,Hawalli,Jabriya,Snacks,0,83
2024-09-23,Hawalli,Jabriya,Snacks,0,70
2024-09-30,Hawalli,Jabriya,Snacks,1,97
2024-10-07,Hawalli,Jabriya,Snacks,0,77
2024-10-14,Hawalli,Jabriya,Snacks,0,71
2024-10-21,Hawalli,Jabriya,Snacks,0,73
2024-10-28,Hawalli,Jabriya,Snacks,0,75
2024-11-04,Hawalli,Jabriya,Snacks,0,81
2024-11-11,Hawalli,Jabriya,Snacks,1,119
2024-11-18,Hawalli,Jabriya,Snacks,1,111
2024-11-25,Hawalli,Jabriya,Snacks,0,73
2024-12-02,Hawalli,Jabriya,Snacks,0,80
2024-12-09,Hawalli,Jabriya,Snacks,0,89
2024-12-16,Hawalli,Jabriya,Snacks,0,97
2024-12-23,Hawalli,Jabriya,Snacks,1,125
2024-12-30,Hawalli,Jabriya,Snacks,0,103
2025-01-06,Hawalli,Jabriya,Snacks,0,93
2025-01-13,Hawalli,Jabriya,Snacks,1,165
2025-01-20,Hawalli,Jabriya,Snacks,0,103
2025-01-27,Hawalli,Jabriya,Snacks,1,122
2025-02-03,Hawalli,Jabriya,Snacks,0,111
2025-02-10,Hawalli,Jabriya,Snacks,0,131
2025-02-17,Hawalli,Jabriya,Snacks,0,105
2025-02-24,Hawalli,Jabriya,Snacks,0,123
2025-03-03,Hawalli,Jabriya,Snacks,0,123
2025-03-10,Hawalli,Jabriya,Snacks,1,257
2025-03-17,Hawalli,Jabriya,Snacks,0,180
2025-03-24,Hawalli,Jabriya,Snacks,0,189
2025-03-31,Hawalli,Jabriya,Snacks,0,181
2025-04-07,Hawalli,Jabriya,Snacks,0,127
2025-04-14,Hawalli,Jabriya,Snacks,0,112
2025-04-21,Hawalli,Jabriya,Snacks,0,109
2025-04-28,Hawalli,Jabriya,Snacks,1,159
2025-05-05,Hawalli,Jabriya,Snacks,0,119
2025-05-12,Hawalli,Jabriya,Snacks,0,119
2025-05-19,Hawalli,Jabriya,Snacks,0,129
2025-05-26,Hawalli,Jabriya,Snacks,0,101
2025-06-02,Hawalli,Jabriya,Snacks,0,111
2025-06-09,Hawalli,Jabriya,Snacks,0,121
2025-06-16,Hawalli,Jabriya,Snacks,0,95
2025-06-23,Hawalli,Jabriya,Snacks,0,96
2025-06-30,Hawalli,Jabriya,Snacks,0,86
2025-07-07,Hawalli,Jabriya,Snacks,0,105
2025-07-14,Hawalli,Jabriya,Snacks,0,101
2025-07-21,Hawalli,Jabriya,Snacks,0,82
2025-07-28,Hawalli,Jabriya,Snacks,0,102
2025-08-04,Hawalli,Jabriya,Snacks,0,86
2025-08-11,Hawalli,Jabriya,Snacks,0,85
2025-08-18,Hawalli,Jabriya,Snacks,0,90
2025-08-25,Hawalli,Jabriya,Snacks,0,91
2025-09-01,Hawalli,Jabriya,Snacks,0,76
2025-09-08,Hawalli,Jabriya,Snacks,0,84
2025-09-15,Hawalli,Jabriya,Snacks,1,106
2025-09-22,Hawalli,Jabriya,Snacks,0,92
2025-09-29,Hawalli,Jabriya,Snacks,0,76
2025-10-06,Hawalli,Jabriya,Snacks,1,120
2025-10-13,Hawalli,Jabriya,Snacks,0,69
2025-10-20,Hawalli,Jabriya,Snacks,1,114
2025-10-27,Hawalli,Jabriya,Snacks,0,96
2025-11-03,Hawalli,Jabriya,Snacks,0,92
2025-11-10,Hawalli,Jabriya,Snacks,0,99
2025-11-17,Hawalli,Jabriya,Snacks,0,99
2025-11-24,Hawalli,Jabriya,Snacks,1,105
2025-12-01,Hawalli,Jabriya,Snacks,0,90
2025-12-08,Hawalli,Jabriya,Snacks,0,109
2025-12-15,Hawalli,Jabriya,Snacks,0,103
2025-12-22,Hawalli,Jabriya,Snacks,0,103
2024-01-01,Ahmadi,Fahaheel,Dairy,0,158
2024-01-08,Ahmadi,Fahaheel,Dairy,0,152
2024-01-15,Ahmadi,Fahaheel,Dairy,0,151
2024-01-22,Ahmadi,Fahaheel,Dairy,0,172
2024-01-29,Ahmadi,Fahaheel,Dairy,0,158
2024-02-05,Ahmadi,Fahaheel,Dairy,0,199
2024-02-12,Ahmadi,Fahaheel,Dairy,0,164
2024-02-19,Ahmadi,Fahaheel,Dairy,0,170
2024-02-26,Ahmadi,Fahaheel,Dairy,0,193
2024-03-04,Ahmadi,Fahaheel,Dairy,0,157
2024-03-11,Ahmadi,Fahaheel,Dairy,0,275
2024-03-18,Ahmadi,Fahaheel,Dairy,0,293
2024-03-25,Ahmadi,Fahaheel,Dairy,0,274
2024-04-01,Ahmadi,Fahaheel,Dairy,1,396
2024-04-08,Ahmadi,Fahaheel,Dairy,0,191
2024-04-15,Ahmadi,Fahaheel,Dairy,0,194
2024-04-22,Ahmadi,Fahaheel,Dairy,0,209
2024-04-29,Ahmadi,Fahaheel,Dairy,1,251
2024-05-06,Ahmadi,Fahaheel,Dairy,0,172
2024-05-13,Ahmadi,Fahaheel,Dairy,0,169
2024-05-20,Ahmadi,Fahaheel,Dairy,0,172
2024-05-27,Ahmadi,Fahaheel,Dairy,0,185
2024-06-03,Ahmadi,Fahaheel,Dairy,0,149
2024-06-10,Ahmadi,Fahaheel,Dairy,0,174
2024-06-17,Ahmadi,Fahaheel,Dairy,0,187
2024-06-24,Ahmadi,Fahaheel,Dairy,0,157
2024-07-01,Ahmadi,Fahaheel,Dairy,1,191
2024-07-08,Ahmadi,Fahaheel,Dairy,0,170
2024-07-15,Ahmadi,Fahaheel,Dairy,1,199
2024-07-22,Ahmadi,Fahaheel,Dairy,0,183
2024-07-29,Ahmadi,Fahaheel,Dairy,0,146
2024-08-05,Ahmadi,Fahaheel,Dairy,0,145
2024-08-12,Ahmadi,Fahaheel,Dairy,0,146
2024-08-19,Ahmadi,Fahaheel,Dairy,0,143
2024-08-26,Ahmadi,Fahaheel,Dairy,0,148
2024-09-02,Ahmadi,Fahaheel,Dairy,0,137
2024-09-09,Ahmadi,Fahaheel,Dairy,0,130
2024-09-16,Ahmadi,Fahaheel,Dairy,0,126
2024-09-23,Ahmadi,Fahaheel,Dairy,0,120
2024-09-30,Ahmadi,Fahaheel,Dairy,0,155
2024-10-07,Ahmadi,Fahaheel,Dairy,1,176
2024-10-14,Ahmadi,Fahaheel,Dairy,0,147
2024-10-21,Ahmadi,Fahaheel,Dairy,0,134
2024-10-28,Ahmadi,Fahaheel,Dairy,1,178
2024-11-04,Ahmadi,Fahaheel,Dairy,0,146
2024-11-11,Ahmadi,Fahaheel,Dairy,0,148
2024-11-18,Ahmadi,Fahaheel,Dairy,1,206
2024-11-25,Ahmadi,Fahaheel,Dairy,0,162
2024-12-02,Ahmadi,Fahaheel,Dairy,0,161
2024-12-09,Ahmadi,Fahaheel,Dairy,0,160
2024-12-16,Ahmadi,Fahaheel,Dairy,1,228
2024-12-23,Ahmadi,Fahaheel,Dairy,0,171
2024-12-30,Ahmadi,Fahaheel,Dairy,0,190
2025-01-06,Ahmadi,Fahaheel,Dairy,0,160
2025-01-13,Ahmadi,Fahaheel,Dairy,0,208
2025-01-20,Ahmadi,Fahaheel,Dairy,0,187
2025-01-27,Ahmadi,Fahaheel,Dairy,0,159
2025-02-03,Ahmadi,Fahaheel,Dairy,0,206
2025-02-10,Ahmadi,Fahaheel,Dairy,1,280
2025-02-17,Ahmadi,Fahaheel,Dairy,0,202
2025-02-24,Ahmadi,Fahaheel,Dairy,0,212
2025-03-03,Ahmadi,Fahaheel,Dairy,1,279
2025-03-10,Ahmadi,Fahaheel,Dairy,0,288
2025-03-17,Ahmadi,Fahaheel,Dairy,0,348
2025-03-24,Ahmadi,Fahaheel,Dairy,0,284
2025-03-31,Ahmadi,Fahaheel,Dairy,0,299
2025-04-07,Ahmadi,Fahaheel,Dairy,0,169
2025-04-14,Ahmadi,Fahaheel,Dairy,0,228
2025-04-21,Ahmadi,Fahaheel,Dairy,0,201
2025-04-28,Ahmadi,Fahaheel,Dairy,0,242
2025-05-05,Ahmadi,Fahaheel,Dairy,0,180
2025-05-12,Ahmadi,Fahaheel,Dairy,0,235
2025-05-19,Ahmadi,Fahaheel,Dairy,0,163
2025-05-26,Ahmadi,Fahaheel,Dairy,0,197
2025-06-02,Ahmadi,Fahaheel,Dairy,0,196
2025-06-09,Ahmadi,Fahaheel,Dairy,0,185
2025-06-16,Ahmadi,Fahaheel,Dairy,0,213
2025-06-23,Ahmadi,Fahaheel,Dairy,0,169
2025-06-30,Ahmadi,Fahaheel,Dairy,0,174
2025-07-07,Ahmadi,Fahaheel,Dairy,0,176
2025-07-14,Ahmadi,Fahaheel,Dairy,0,170
2025-07-21,Ahmadi,Fahaheel,Dairy,1,211
2025-07-28,Ahmadi,Fahaheel,Dairy,1,218
2025-08-04,Ahmadi,Fahaheel,Dairy,0,155
2025-08-11,Ahmadi,Fahaheel,Dairy,1,226
2025-08-18,Ahmadi,Fahaheel,Dairy,1,184
2025-08-25,Ahmadi,Fahaheel,Dairy,1,193
2025-09-01,Ahmadi,Fahaheel,Dairy,0,153
2025-09-08,Ahmadi,Fahaheel,Dairy,0,152
2025-09-15,Ahmadi,Fahaheel,Dairy,0,162
2025-09-22,Ahmadi,Fahaheel,Dairy,0,136
2025-09-29,Ahmadi,Fahaheel,Dairy,1,202
2025-10-06,Ahmadi,Fahaheel,Dairy,0,143
2025-10-13,Ahmadi,Fahaheel,Dairy,0,121
2025-10-20,Ahmadi,Fahaheel,Dairy,0,157
2025-10-27,Ahmadi,Fahaheel,Dairy,0,132
2025-11-03,Ahmadi,Fahaheel,Dairy,0,145
2025-11-10,Ahmadi,Fahaheel,Dairy,0,162
2025-11-17,Ahmadi,Fahaheel,Dairy,0,151
2025-11-24,Ahmadi,Fahaheel,Dairy,0,150
2025-12-01,Ahmadi,Fahaheel,Dairy,0,175
2025-12-08,Ahmadi,Fahaheel,Dairy,0,187
2025-12-15,Ahmadi,Fahaheel,Dairy,0,168
2025-12-22,Ahmadi,Fahaheel,Dairy,0,177
2024-01-01,Ahmadi,Fahaheel,Bakery,0,118
2024-01-08,Ahmadi,Fahaheel,Bakery,0,119
2024-01-15,Ahmadi,Fahaheel,Bakery,0,118
2024-01-22,Ahmadi,Fahaheel,Bakery,0,144
2024-01-29,Ahmadi,Fahaheel,Bakery,0,124
2024-02-05,Ahmadi,Fahaheel,Bakery,1,156
2024-02-12,Ahmadi,Fahaheel,Bakery,0,128
2024-02-19,Ahmadi,Fahaheel,Bakery,1,182
2024-02-26,Ahmadi,Fahaheel,Bakery,0,129
2024-03-04,Ahmadi,Fahaheel,Bakery,0,128
2024-03-11,Ahmadi,Fahaheel,Bakery,0,178
2024-03-18,Ahmadi,Fahaheel,Bakery,0,244
2024-03-25,Ahmadi,Fahaheel,Bakery,0,218
2024-04-01,Ahmadi,Fahaheel,Bakery,0,187
2024-04-08,Ahmadi,Fahaheel,Bakery,0,150
2024-04-15,Ahmadi,Fahaheel,Bakery,0,149
2024-04-22,Ahmadi,Fahaheel,Bakery,0,158
2024-04-29,Ahmadi,Fahaheel,Bakery,0,130
2024-05-06,Ahmadi,Fahaheel,Bakery,0,155
2024-05-13,Ahmadi,Fahaheel,Bakery,0,149
2024-05-20,Ahmadi,Fahaheel,Bakery,0,123
2024-05-27,Ahmadi,Fahaheel,Bakery,0,137
2024-06-03,Ahmadi,Fahaheel,Bakery,0,135
2024-06-10,Ahmadi,Fahaheel,Bakery,0,133
2024-06-17,Ahmadi,Fahaheel,Bakery,0,103
2024-06-24,Ahmadi,Fahaheel,Bakery,0,127
2024-07-01,Ahmadi,Fahaheel,Bakery,0,117
2024-07-08,Ahmadi,Fahaheel,Bakery,0,126
2024-07-15,Ahmadi,Fahaheel,Bakery,0,117
2024-07-22,Ahmadi,Fahaheel,Bakery,0,107
2024-07-29,Ahmadi,Fahaheel,Bakery,0,100
2024-08-05,Ahmadi,Fahaheel,Bakery,0,104
2024-08-12,Ahmadi,Fahaheel,Bakery,1,139
2024-08-19,Ahmadi,Fahaheel,Bakery,0,102
2024-08-26,Ahmadi,Fahaheel,Bakery,0,89
2024-09-02,Ahmadi,Fahaheel,Bakery,0,113
2024-09-09,Ahmadi,Fahaheel,Bakery,0,105
2024-09-16,Ahmadi,Fahaheel,Bakery,0,98
2024-09-23,Ahmadi,Fahaheel,Bakery,1,128
2024-09-30,Ahmadi,Fahaheel,Bakery,0,102
2024-10-07,Ahmadi,Fahaheel,Bakery,0,99
2024-10-14,Ahmadi,Fahaheel,Bakery,0,96
2024-10-21,Ahmadi,Fahaheel,Bakery,0,109
2024-10-28,Ahmadi,Fahaheel,Bakery,0,100
2024-11-04,Ahmadi,Fahaheel,Bakery,0,100
2024-11-11,Ahmadi,Fahaheel,Bakery,0,106
2024-11-18,Ahmadi,Fahaheel,Bakery,0,107
2024-11-25,Ahmadi,Fahaheel,Bakery,0,112
2024-12-02,Ahmadi,Fahaheel,Bakery,0,147
2024-12-09,Ahmadi,Fahaheel,Bakery,0,112
2024-12-16,Ahmadi,Fahaheel,Bakery,0,125
2024-12-23,Ahmadi,Fahaheel,Bakery,0,133
2024-12-30,Ahmadi,Fahaheel,Bakery,0,112
2025-01-06,Ahmadi,Fahaheel,Bakery,0,128
2025-01-13,Ahmadi,Fahaheel,Bakery,0,118
2025-01-20,Ahmadi,Fahaheel,Bakery,0,130
2025-01-27,Ahmadi,Fahaheel,Bakery,0,124
2025-02-03,Ahmadi,Fahaheel,Bakery,0,147
2025-02-10,Ahmadi,Fahaheel,Bakery,1,183
2025-02-17,Ahmadi,Fahaheel,Bakery,0,164
2025-02-24,Ahmadi,Fahaheel,Bakery,1,194
2025-03-03,Ahmadi,Fahaheel,Bakery,0,150
2025-03-10,Ahmadi,Fahaheel,Bakery,0,216
2025-03-17,Ahmadi,Fahaheel,Bakery,0,213
2025-03-24,Ahmadi,Fahaheel,Bakery,1,327
2025-03-31,Ahmadi,Fahaheel,Bakery,0,205
2025-04-07,Ahmadi,Fahaheel,Bakery,0,176
2025-04-14,Ahmadi,Fahaheel,Bakery,0,157
2025-04-21,Ahmadi,Fahaheel,Bakery,1,184
2025-04-28,Ahmadi,Fahaheel,Bakery,0,159
2025-05-05,Ahmadi,Fahaheel,Bakery,0,148
2025-05-12,Ahmadi,Fahaheel,Bakery,0,145
2025-05-19,Ahmadi,Fahaheel,Bakery,0,168
2025-05-26,Ahmadi,Fahaheel,Bakery,0,157
2025-06-02,Ahmadi,Fahaheel,Bakery,1,145
2025-06-09,Ahmadi,Fahaheel,Bakery,0,141
2025-06-16,Ahmadi,Fahaheel,Bakery,1,179
2025-06-23,Ahmadi,Fahaheel,Bakery,1,171
2025-06-30,Ahmadi,Fahaheel,Bakery,0,152
2025-07-07,Ahmadi,Fahaheel,Bakery,0,121
2025-07-14,Ahmadi,Fahaheel,Bakery,0,118
2025-07-21,Ahmadi,Fahaheel,Bakery,0,126
2025-07-28,Ahmadi,Fahaheel,Bakery,1,173
2025-08-04,Ahmadi,Fahaheel,Bakery,0,104
2025-08-11,Ahmadi,Fahaheel,Bakery,0,114
2025-08-18,Ahmadi,Fahaheel,Bakery,0,110
2025-08-25,Ahmadi,Fahaheel,Bakery,0,117
2025-09-01,Ahmadi,Fahaheel,Bakery,0,131
2025-09-08,Ahmadi,Fahaheel,Bakery,0,116
2025-09-15,Ahmadi,Fahaheel,Bakery,0,103
2025-09-22,Ahmadi,Fahaheel,Bakery,1,130
2025-09-29,Ahmadi,Fahaheel,Bakery,1,108
2025-10-06,Ahmadi,Fahaheel,Bakery,0,108
2025-10-13,Ahmadi,Fahaheel,Bakery,0,117
2025-10-20,Ahmadi,Fahaheel,Bakery,0,116
2025-10-27,Ahmadi,Fahaheel,Bakery,0,106
2025-11-03,Ahmadi,Fahaheel,Bakery,0,129
2025-11-10,Ahmadi,Fahaheel,Bakery,0,104
2025-11-17,Ahmadi,Fahaheel,Bakery,0,130
2025-11-24,Ahmadi,Fahaheel,Bakery,0,127
2025-12-01,Ahmadi,Fahaheel,Bakery,0,119
2025-12-08,Ahmadi,Fahaheel,Bakery,0,141
2025-12-15,Ahmadi,Fahaheel,Bakery,1,156
2025-12-22,Ahmadi,Fahaheel,Bakery,0,126
2024-01-01,Ahmadi,Fahaheel,Beverages,0,196
2024-01-08,Ahmadi,Fahaheel,Beverages,0,229
2024-01-15,Ahmadi,Fahaheel,Beverages,1,282
2024-01-22,Ahmadi,Fahaheel,Beverages,0,195
2024-01-29,Ahmadi,Fahaheel,Beverages,0,243
2024-02-05,Ahmadi,Fahaheel,Beverages,0,264
2024-02-12,Ahmadi,Fahaheel,Beverages,0,227
2024-02-19,Ahmadi,Fahaheel,Beverages,0,227
2024-02-26,Ahmadi,Fahaheel,Beverages,0,209
2024-03-04,Ahmadi,Fahaheel,Beverages,0,211
2024-03-11,Ahmadi,Fahaheel,Beverages,0,299
2024-03-18,Ahmadi,Fahaheel,Beverages,0,314
2024-03-25,Ahmadi,Fahaheel,Beverages,0,298
2024-04-01,Ahmadi,Fahaheel,Beverages,0,337
2024-04-08,Ahmadi,Fahaheel,Beverages,1,291
2024-04-15,Ahmadi,Fahaheel,Beverages,0,230
2024-04-22,Ahmadi,Fahaheel,Beverages,0,246
2024-04-29,Ahmadi,Fahaheel,Beverages,1,278
2024-05-06,Ahmadi,Fahaheel,Beverages,0,219
2024-05-13,Ahmadi,Fahaheel,Beverages,0,233
2024-05-20,Ahmadi,Fahaheel,Beverages,0,277
2024-05-27,Ahmadi,Fahaheel,Beverages,0,241
2024-06-03,Ahmadi,Fahaheel,Beverages,0,182
2024-06-10,Ahmadi,Fahaheel,Beverages,0,228
2024-06-17,Ahmadi,Fahaheel,Beverages,0,220
2024-06-24,Ahmadi,Fahaheel,Beverages,0,201
2024-07-01,Ahmadi,Fahaheel,Beverages,0,153
2024-07-08,Ahmadi,Fahaheel,Beverages,0,181
2024-07-15,Ahmadi,Fahaheel,Beverages,0,197
2024-07-22,Ahmadi,Fahaheel,Beverages,0,217
2024-07-29,Ahmadi,Fahaheel,Beverages,0,198
2024-08-05,Ahmadi,Fahaheel,Beverages,0,173
2024-08-12,Ahmadi,Fahaheel,Beverages,1,220
2024-08-19,Ahmadi,Fahaheel,Beverages,0,179
2024-08-26,Ahmadi,Fahaheel,Beverages,0,175
2024-09-02,Ahmadi,Fahaheel,Beverages,0,186
2024-09-09,Ahmadi,Fahaheel,Beverages,0,124
2024-09-16,Ahmadi,Fahaheel,Beverages,0,162
2024-09-23,Ahmadi,Fahaheel,Beverages,1,206
2024-09-30,Ahmadi,Fahaheel,Beverages,0,153
2024-10-07,Ahmadi,Fahaheel,Beverages,0,157
2024-10-14,Ahmadi,Fahaheel,Beverages,0,154
2024-10-21,Ahmadi,Fahaheel,Beverages,0,154
2024-10-28,Ahmadi,Fahaheel,Beverages,0,144
2024-11-04,Ahmadi,Fahaheel,Beverages,0,162
2024-11-11,Ahmadi,Fahaheel,Beverages,0,182
2024-11-18,Ahmadi,Fahaheel,Beverages,0,198
2024-11-25,Ahmadi,Fahaheel,Beverages,0,183
2024-12-02,Ahmadi,Fahaheel,Beverages,0,219
2024-12-09,Ahmadi,Fahaheel,Beverages,0,221
2024-12-16,Ahmadi,Fahaheel,Beverages,0,165
2024-12-23,Ahmadi,Fahaheel,Beverages,0,210
2024-12-30,Ahmadi,Fahaheel,Beverages,0,215
2025-01-06,Ahmadi,Fahaheel,Beverages,0,231
2025-01-13,Ahmadi,Fahaheel,Beverages,0,248
2025-01-20,Ahmadi,Fahaheel,Beverages,0,222
2025-01-27,Ahmadi,Fahaheel,Beverages,0,257
2025-02-03,Ahmadi,Fahaheel,Beverages,0,202
2025-02-10,Ahmadi,Fahaheel,Beverages,0,260
2025-02-17,Ahmadi,Fahaheel,Beverages,0,224
2025-02-24,Ahmadi,Fahaheel,Beverages,0,228
2025-03-03,Ahmadi,Fahaheel,Beverages,0,279
2025-03-10,Ahmadi,Fahaheel,Beverages,1,463
2025-03-17,Ahmadi,Fahaheel,Beverages,0,404
2025-03-24,Ahmadi,Fahaheel,Beverages,1,496
2025-03-31,Ahmadi,Fahaheel,Beverages,0,395
2025-04-07,Ahmadi,Fahaheel,Beverages,0,257
2025-04-14,Ahmadi,Fahaheel,Beverages,1,294
2025-04-21,Ahmadi,Fahaheel,Beverages,0,295
2025-04-28,Ahmadi,Fahaheel,Beverages,0,293
2025-05-05,Ahmadi,Fahaheel,Beverages,0,263
2025-05-12,Ahmadi,Fahaheel,Beverages,0,255
2025-05-19,Ahmadi,Fahaheel,Beverages,0,237
2025-05-26,Ahmadi,Fahaheel,Beverages,0,228
2025-06-02,Ahmadi,Fahaheel,Beverages,0,224
2025-06-09,Ahmadi,Fahaheel,Beverages,0,211
2025-06-16,Ahmadi,Fahaheel,Beverages,1,301
2025-06-23,Ahmadi,Fahaheel,Beverages,0,254
2025-06-30,Ahmadi,Fahaheel,Beverages,1,279
2025-07-07,Ahmadi,Fahaheel,Beverages,0,227
2025-07-14,Ahmadi,Fahaheel,Beverages,0,222
2025-07-21,Ahmadi,Fahaheel,Beverages,0,194
2025-07-28,Ahmadi,Fahaheel,Beverages,0,215
2025-08-04,Ahmadi,Fahaheel,Beverages,1,255
2025-08-11,Ahmadi,Fahaheel,Beverages,0,219
2025-08-18,Ahmadi,Fahaheel,Beverages,0,212
2025-08-25,Ahmadi,Fahaheel,Beverages,0,182
2025-09-01,Ahmadi,Fahaheel,Beverages,0,179
2025-09-08,Ahmadi,Fahaheel,Beverages,0,209
2025-09-15,Ahmadi,Fahaheel,Beverages,0,165
2025-09-22,Ahmadi,Fahaheel,Beverages,0,209
2025-09-29,Ahmadi,Fahaheel,Beverages,0,200
2025-10-06,Ahmadi,Fahaheel,Beverages,1,224
2025-10-13,Ahmadi,Fahaheel,Beverages,0,180
2025-10-20,Ahmadi,Fahaheel,Beverages,0,198
2025-10-27,Ahmadi,Fahaheel,Beverages,0,167
2025-11-03,Ahmadi,Fahaheel,Beverages,0,173
2025-11-10,Ahmadi,Fahaheel,Beverages,0,209
2025-11-17,Ahmadi,Fahaheel,Beverages,0,204
2025-11-24,Ahmadi,Fahaheel,Beverages,0,211
2025-12-01,Ahmadi,Fahaheel,Beverages,0,259
2025-12-08,Ahmadi,Fahaheel,Beverages,0,220
2025-12-15,Ahmadi,Fahaheel,Beverages,0,213
2025-12-22,Ahmadi,Fahaheel,Beverages,0,249
2024-01-01,Ahmadi,Fahaheel,Snacks,1,122
2024-01-08,Ahmadi,Fahaheel,Snacks,0,88
2024-01-15,Ahmadi,Fahaheel,Snacks,0,86
2024-01-22,Ahmadi,Fahaheel,Snacks,0,101
2024-01-29,Ahmadi,Fahaheel,Snacks,0,96
2024-02-05,Ahmadi,Fahaheel,Snacks,0,94
2024-02-12,Ahmadi,Fahaheel,Snacks,0,98
2024-02-19,Ahmadi,Fahaheel,Snacks,0,119
2024-02-26,Ahmadi,Fahaheel,Snacks,1,137
2024-03-04,Ahmadi,Fahaheel,Snacks,0,111
2024-03-11,Ahmadi,Fahaheel,Snacks,0,139
2024-03-18,Ahmadi,Fahaheel,Snacks,0,142
2024-03-25,Ahmadi,Fahaheel,Snacks,0,136
2024-04-01,Ahmadi,Fahaheel,Snacks,0,164
2024-04-08,Ahmadi,Fahaheel,Snacks,0,106
2024-04-15,Ahmadi,Fahaheel,Snacks,0,91
2024-04-22,Ahmadi,Fahaheel,Snacks,0,134
2024-04-29,Ahmadi,Fahaheel,Snacks,0,111
2024-05-06,Ahmadi,Fahaheel,Snacks,0,102
2024-05-13,Ahmadi,Fahaheel,Snacks,1,154
2024-05-20,Ahmadi,Fahaheel,Snacks,1,144
2024-05-27,Ahmadi,Fahaheel,Snacks,0,108
2024-06-03,Ahmadi,Fahaheel,Snacks,0,117
2024-06-10,Ahmadi,Fahaheel,Snacks,0,99
2024-06-17,Ahmadi,Fahaheel,Snacks,0,106
2024-06-24,Ahmadi,Fahaheel,Snacks,0,89
2024-07-01,Ahmadi,Fahaheel,Snacks,0,85
2024-07-08,Ahmadi,Fahaheel,Snacks,0,84
2024-07-15,Ahmadi,Fahaheel,Snacks,1,119
2024-07-22,Ahmadi,Fahaheel,Snacks,0,88
2024-07-29,Ahmadi,Fahaheel,Snacks,0,82
2024-08-05,Ahmadi,Fahaheel,Snacks,0,86
2024-08-12,Ahmadi,Fahaheel,Snacks,0,90
2024-08-19,Ahmadi,Fahaheel,Snacks,1,91
2024-08-26,Ahmadi,Fahaheel,Snacks,0,83
2024-09-02,Ahmadi,Fahaheel,Snacks,0,84
2024-09-09,Ahmadi,Fahaheel,Snacks,0,79
2024-09-16,Ahmadi,Fahaheel,Snacks,0,80
2024-09-23,Ahmadi,Fahaheel,Snacks,0,74
2024-09-30,Ahmadi,Fahaheel,Snacks,0,68
2024-10-07,Ahmadi,Fahaheel,Snacks,0,83
2024-10-14,Ahmadi,Fahaheel,Snacks,0,71
2024-10-21,Ahmadi,Fahaheel,Snacks,0,81
2024-10-28,Ahmadi,Fahaheel,Snacks,0,89
2024-11-04,Ahmadi,Fahaheel,Snacks,0,88
2024-11-11,Ahmadi,Fahaheel,Snacks,0,83
2024-11-18,Ahmadi,Fahaheel,Snacks,0,86
2024-11-25,Ahmadi,Fahaheel,Snacks,1,123
2024-12-02,Ahmadi,Fahaheel,Snacks,0,99
2024-12-09,Ahmadi,Fahaheel,Snacks,0,83
2024-12-16,Ahmadi,Fahaheel,Snacks,1,106
2024-12-23,Ahmadi,Fahaheel,Snacks,0,100
2024-12-30,Ahmadi,Fahaheel,Snacks,0,105
2025-01-06,Ahmadi,Fahaheel,Snacks,0,103
2025-01-13,Ahmadi,Fahaheel,Snacks,0,106
2025-01-20,Ahmadi,Fahaheel,Snacks,1,135
2025-01-27,Ahmadi,Fahaheel,Snacks,1,147
2025-02-03,Ahmadi,Fahaheel,Snacks,0,97
2025-02-10,Ahmadi,Fahaheel,Snacks,0,121
2025-02-17,Ahmadi,Fahaheel,Snacks,1,166
2025-02-24,Ahmadi,Fahaheel,Snacks,1,163
2025-03-03,Ahmadi,Fahaheel,Snacks,0,110
2025-03-10,Ahmadi,Fahaheel,Snacks,0,171
2025-03-17,Ahmadi,Fahaheel,Snacks,0,183
2025-03-24,Ahmadi,Fahaheel,Snacks,0,178
2025-03-31,Ahmadi,Fahaheel,Snacks,1,240
2025-04-07,Ahmadi,Fahaheel,Snacks,0,128
2025-04-14,Ahmadi,Fahaheel,Snacks,0,113
2025-04-21,Ahmadi,Fahaheel,Snacks,0,129
2025-04-28,Ahmadi,Fahaheel,Snacks,0,149
2025-05-05,Ahmadi,Fahaheel,Snacks,0,118
2025-05-12,Ahmadi,Fahaheel,Snacks,0,112
2025-05-19,Ahmadi,Fahaheel,Snacks,0,122
2025-05-26,Ahmadi,Fahaheel,Snacks,1,154
2025-06-02,Ahmadi,Fahaheel,Snacks,1,162
2025-06-09,Ahmadi,Fahaheel,Snacks,0,119
2025-06-16,Ahmadi,Fahaheel,Snacks,0,120
2025-06-23,Ahmadi,Fahaheel,Snacks,0,103
2025-06-30,Ahmadi,Fahaheel,Snacks,1,148
2025-07-07,Ahmadi,Fahaheel,Snacks,0,109
2025-07-14,Ahmadi,Fahaheel,Snacks,0,111
2025-07-21,Ahmadi,Fahaheel,Snacks,0,109
2025-07-28,Ahmadi,Fahaheel,Snacks,0,88
2025-08-04,Ahmadi,Fahaheel,Snacks,0,84
2025-08-11,Ahmadi,Fahaheel,Snacks,0,86
2025-08-18,Ahmadi,Fahaheel,Snacks,0,100
2025-08-25,Ahmadi,Fahaheel,Snacks,0,90
2025-09-01,Ahmadi,Fahaheel,Snacks,0,75
2025-09-08,Ahmadi,Fahaheel,Snacks,0,83
2025-09-15,Ahmadi,Fahaheel,Snacks,0,73
2025-09-22,Ahmadi,Fahaheel,Snacks,1,129
2025-09-29,Ahmadi,Fahaheel,Snacks,0,88
2025-10-06,Ahmadi,Fahaheel,Snacks,0,75
2025-10-13,Ahmadi,Fahaheel,Snacks,0,88
2025-10-20,Ahmadi,Fahaheel,Snacks,0,106
2025-10-27,Ahmadi,Fahaheel,Snacks,0,91
2025-11-03,Ahmadi,Fahaheel,Snacks,0,78
2025-11-10,Ahmadi,Fahaheel,Snacks,0,88
2025-11-17,Ahmadi,Fahaheel,Snacks,0,99
2025-11-24,Ahmadi,Fahaheel,Snacks,1,144
2025-12-01,Ahmadi,Fahaheel,Snacks,0,105
2025-12-08,Ahmadi,Fahaheel,Snacks,0,107
2025-12-15,Ahmadi,Fahaheel,Snacks,0,94
2025-12-22,Ahmadi,Fahaheel,Snacks,0,114
2024-01-01,Ahmadi,Mangaf,Dairy,0,109
2024-01-08,Ahmadi,Mangaf,Dairy,0,102
2024-01-15,Ahmadi,Mangaf,Dairy,0,109
2024-01-22,Ahmadi,Mangaf,Dairy,0,115
2024-01-29,Ahmadi,Mangaf,Dairy,0,118
2024-02-05,Ahmadi,Mangaf,Dairy,0,97
2024-02-12,Ahmadi,Mangaf,Dairy,0,112
2024-02-19,Ahmadi,Mangaf,Dairy,0,120
2024-02-26,Ahmadi,Mangaf,Dairy,1,178
2024-03-04,Ahmadi,Mangaf,Dairy,0,134
2024-03-11,Ahmadi,Mangaf,Dairy,0,189
2024-03-18,Ahmadi,Mangaf,Dairy,0,174
2024-03-25,Ahmadi,Mangaf,Dairy,0,183
2024-04-01,Ahmadi,Mangaf,Dairy,1,193
2024-04-08,Ahmadi,Mangaf,Dairy,1,150
2024-04-15,Ahmadi,Mangaf,Dairy,0,118
2024-04-22,Ahmadi,Mangaf,Dairy,0,131
2024-04-29,Ahmadi,Mangaf,Dairy,0,107
2024-05-06,Ahmadi,Mangaf,Dairy,0,127
2024-05-13,Ahmadi,Mangaf,Dairy,0,115
2024-05-20,Ahmadi,Mangaf,Dairy,1,133
2024-05-27,Ahmadi,Mangaf,Dairy,0,124
2024-06-03,Ahmadi,Mangaf,Dairy,0,125
2024-06-10,Ahmadi,Mangaf,Dairy,0,92
2024-06-17,Ahmadi,Mangaf,Dairy,0,104
2024-06-24,Ahmadi,Mangaf,Dairy,0,105
2024-07-01,Ahmadi,Mangaf,Dairy,1,143
2024-07-08,Ahmadi,Mangaf,Dairy,0,90
2024-07-15,Ahmadi,Mangaf,Dairy,0,117
2024-07-22,Ahmadi,Mangaf,Dairy,0,95
2024-07-29,Ahmadi,Mangaf,Dairy,0,98
2024-08-05,Ahmadi,Mangaf,Dairy,0,92
2024-08-12,Ahmadi,Mangaf,Dairy,0,99
2024-08-19,Ahmadi,Mangaf,Dairy,0,94
2024-08-26,Ahmadi,Mangaf,Dairy,1,123
2024-09-02,Ahmadi,Mangaf,Dairy,0,82
2024-09-09,Ahmadi,Mangaf,Dairy,1,113
2024-09-16,Ahmadi,Mangaf,Dairy,0,88
2024-09-23,Ahmadi,Mangaf,Dairy,0,101
2024-09-30,Ahmadi,Mangaf,Dairy,0,90
2024-10-07,Ahmadi,Mangaf,Dairy,0,84
2024-10-14,Ahmadi,Mangaf,Dairy,0,95
2024-10-21,Ahmadi,Mangaf,Dairy,0,81
2024-10-28,Ahmadi,Mangaf,Dairy,0,90
2024-11-04,Ahmadi,Mangaf,Dairy,0,91
2024-11-11,Ahmadi,Mangaf,Dairy,1,113
2024-11-18,Ahmadi,Mangaf,Dairy,0,91
2024-11-25,Ahmadi,Mangaf,Dairy,0,99
2024-12-02,Ahmadi,Mangaf,Dairy,1,109
2024-12-09,Ahmadi,Mangaf,Dairy,0,102
2024-12-16,Ahmadi,Mangaf,Dairy,0,84
2024-12-23,Ahmadi,Mangaf,Dairy,0,86
2024-12-30,Ahmadi,Mangaf,Dairy,0,119
2025-01-06,Ahmadi,Mangaf,Dairy,0,112
2025-01-13,Ahmadi,Mangaf,Dairy,1,160
2025-01-20,Ahmadi,Mangaf,Dairy,0,123
2025-01-27,Ahmadi,Mangaf,Dairy,0,97
2025-02-03,Ahmadi,Mangaf,Dairy,0,139
2025-02-10,Ahmadi,Mangaf,Dairy,1,162
2025-02-17,Ahmadi,Mangaf,Dairy,0,123
2025-02-24,Ahmadi,Mangaf,Dairy,0,128
2025-03-03,Ahmadi,Mangaf,Dairy,0,96
2025-03-10,Ahmadi,Mangaf,Dairy,0,160
2025-03-17,Ahmadi,Mangaf,Dairy,0,210
2025-03-24,Ahmadi,Mangaf,Dairy,0,163
2025-03-31,Ahmadi,Mangaf,Dairy,0,206
2025-04-07,Ahmadi,Mangaf,Dairy,1,189
2025-04-14,Ahmadi,Mangaf,Dairy,0,122
2025-04-21,Ahmadi,Mangaf,Dairy,0,122
2025-04-28,Ahmadi,Mangaf,Dairy,0,119
2025-05-05,Ahmadi,Mangaf,Dairy,0,122
2025-05-12,Ahmadi,Mangaf,Dairy,0,128
2025-05-19,Ahmadi,Mangaf,Dairy,0,122
2025-05-26,Ahmadi,Mangaf,Dairy,1,159
2025-06-02,Ahmadi,Mangaf,Dairy,1,149
2025-06-09,Ahmadi,Mangaf,Dairy,0,143
2025-06-16,Ahmadi,Mangaf,Dairy,0,121
2025-06-23,Ahmadi,Mangaf,Dairy,1,144
2025-06-30,Ahmadi,Mangaf,Dairy,0,103
2025-07-07,Ahmadi,Mangaf,Dairy,0,117
2025-07-14,Ahmadi,Mangaf,Dairy,0,109
2025-07-21,Ahmadi,Mangaf,Dairy,0,115
2025-07-28,Ahmadi,Mangaf,Dairy,0,104
2025-08-04,Ahmadi,Mangaf,Dairy,1,140
2025-08-11,Ahmadi,Mangaf,Dairy,0,93
2025-08-18,Ahmadi,Mangaf,Dairy,0,81
2025-08-25,Ahmadi,Mangaf,Dairy,0,90
2025-09-01,Ahmadi,Mangaf,Dairy,0,85
2025-09-08,Ahmadi,Mangaf,Dairy,0,84
2025-09-15,Ahmadi,Mangaf,Dairy,0,98
2025-09-22,Ahmadi,Mangaf,Dairy,0,95
2025-09-29,Ahmadi,Mangaf,Dairy,1,120
2025-10-06,Ahmadi,Mangaf,Dairy,1,114
2025-10-13,Ahmadi,Mangaf,Dairy,1,127
2025-10-20,Ahmadi,Mangaf,Dairy,0,92
2025-10-27,Ahmadi,Mangaf,Dairy,0,97
2025-11-03,Ahmadi,Mangaf,Dairy,1,135
2025-11-10,Ahmadi,Mangaf,Dairy,0,96
2025-11-17,Ahmadi,Mangaf,Dairy,1,127
2025-11-24,Ahmadi,Mangaf,Dairy,0,114
2025-12-01,Ahmadi,Mangaf,Dairy,0,103
2025-12-08,Ahmadi,Mangaf,Dairy,0,109
2025-12-15,Ahmadi,Mangaf,Dairy,1,162
2025-12-22,Ahmadi,Mangaf,Dairy,0,114
2024-01-01,Ahmadi,Mangaf,Bakery,0,70
2024-01-08,Ahmadi,Mangaf,Bakery,1,113
2024-01-15,Ahmadi,Mangaf,Bakery,0,82
2024-01-22,Ahmadi,Mangaf,Bakery,1,94
2024-01-29,Ahmadi,Mangaf,Bakery,1,106
2024-02-05,Ahmadi,Mangaf,Bakery,0,79
2024-02-12,Ahmadi,Mangaf,Bakery,0,84
2024-02-19,Ahmadi,Mangaf,Bakery,0,98
2024-02-26,Ahmadi,Mangaf,Bakery,0,75
2024-03-04,Ahmadi,Mangaf,Bakery,0,76
2024-03-11,Ahmadi,Mangaf,Bakery,0,137
2024-03-18,Ahmadi,Mangaf,Bakery,1,162
2024-03-25,Ahmadi,Mangaf,Bakery,0,124
2024-04-01,Ahmadi,Mangaf,Bakery,0,116
2024-04-08,Ahmadi,Mangaf,Bakery,0,104
2024-04-15,Ahmadi,Mangaf,Bakery,0,102
2024-04-22,Ahmadi,Mangaf,Bakery,0,90
2024-04-29,Ahmadi,Mangaf,Bakery,0,86
2024-05-06,Ahmadi,Mangaf,Bakery,0,95
2024-05-13,Ahmadi,Mangaf,Bakery,0,97
2024-05-20,Ahmadi,Mangaf,Bakery,0,90
2024-05-27,Ahmadi,Mangaf,Bakery,0,86
2024-06-03,Ahmadi,Mangaf,Bakery,0,76
2024-06-10,Ahmadi,Mangaf,Bakery,0,84
2024-06-17,Ahmadi,Mangaf,Bakery,0,97
2024-06-24,Ahmadi,Mangaf,Bakery,0,73
2024-07-01,Ahmadi,Mangaf,Bakery,1,83
2024-07-08,Ahmadi,Mangaf,Bakery,0,65
2024-07-15,Ahmadi,Mangaf,Bakery,1,94
2024-07-22,Ahmadi,Mangaf,Bakery,0,79
2024-07-29,Ahmadi,Mangaf,Bakery,0,77
2024-08-05,Ahmadi,Mangaf,Bakery,0,65
2024-08-12,Ahmadi,Mangaf,Bakery,0,64
2024-08-19,Ahmadi,Mangaf,Bakery,1,97
2024-08-26,Ahmadi,Mangaf,Bakery,0,66
2024-09-02,Ahmadi,Mangaf,Bakery,0,68
2024-09-09,Ahmadi,Mangaf,Bakery,0,62
2024-09-16,Ahmadi,Mangaf,Bakery,0,66
2024-09-23,Ahmadi,Mangaf,Bakery,0,63
2024-09-30,Ahmadi,Mangaf,Bakery,1,90
2024-10-07,Ahmadi,Mangaf,Bakery,1,75
2024-10-14,Ahmadi,Mangaf,Bakery,0,56
2024-10-21,Ahmadi,Mangaf,Bakery,0,67
2024-10-28,Ahmadi,Mangaf,Bakery,0,53
2024-11-04,Ahmadi,Mangaf,Bakery,0,69
2024-11-11,Ahmadi,Mangaf,Bakery,1,96
2024-11-18,Ahmadi,Mangaf,Bakery,0,72
2024-11-25,Ahmadi,Mangaf,Bakery,0,72
2024-12-02,Ahmadi,Mangaf,Bakery,0,77
2024-12-09,Ahmadi,Mangaf,Bakery,0,76
2024-12-16,Ahmadi,Mangaf,Bakery,1,87
2024-12-23,Ahmadi,Mangaf,Bakery,1,102
2024-12-30,Ahmadi,Mangaf,Bakery,0,75
2025-01-06,Ahmadi,Mangaf,Bakery,0,96
2025-01-13,Ahmadi,Mangaf,Bakery,0,92
2025-01-20,Ahmadi,Mangaf,Bakery,0,88
2025-01-27,Ahmadi,Mangaf,Bakery,0,94
2025-02-03,Ahmadi,Mangaf,Bakery,0,91
2025-02-10,Ahmadi,Mangaf,Bakery,0,107
2025-02-17,Ahmadi,Mangaf,Bakery,0,90
2025-02-24,Ahmadi,Mangaf,Bakery,0,116
2025-03-03,Ahmadi,Mangaf,Bakery,0,110
2025-03-10,Ahmadi,Mangaf,Bakery,0,133
2025-03-17,Ahmadi,Mangaf,Bakery,0,142
2025-03-24,Ahmadi,Mangaf,Bakery,0,152
2025-03-31,Ahmadi,Mangaf,Bakery,1,202
2025-04-07,Ahmadi,Mangaf,Bakery,0,112
2025-04-14,Ahmadi,Mangaf,Bakery,0,98
2025-04-21,Ahmadi,Mangaf,Bakery,0,94
2025-04-28,Ahmadi,Mangaf,Bakery,0,101
2025-05-05,Ahmadi,Mangaf,Bakery,0,81
2025-05-12,Ahmadi,Mangaf,Bakery,0,91
2025-05-19,Ahmadi,Mangaf,Bakery,1,122
2025-05-26,Ahmadi,Mangaf,Bakery,0,86
2025-06-02,Ahmadi,Mangaf,Bakery,0,114
2025-06-09,Ahmadi,Mangaf,Bakery,0,98
2025-06-16,Ahmadi,Mangaf,Bakery,0,90
2025-06-23,Ahmadi,Mangaf,Bakery,0,94
2025-06-30,Ahmadi,Mangaf,Bakery,0,86
2025-07-07,Ahmadi,Mangaf,Bakery,0,79
2025-07-14,Ahmadi,Mangaf,Bakery,0,86
2025-07-21,Ahmadi,Mangaf,Bakery,0,71
2025-07-28,Ahmadi,Mangaf,Bakery,0,72
2025-08-04,Ahmadi,Mangaf,Bakery,0,83
2025-08-11,Ahmadi,Mangaf,Bakery,1,98
2025-08-18,Ahmadi,Mangaf,Bakery,0,78
2025-08-25,Ahmadi,Mangaf,Bakery,0,74
2025-09-01,Ahmadi,Mangaf,Bakery,0,62
2025-09-08,Ahmadi,Mangaf,Bakery,0,67
2025-09-15,Ahmadi,Mangaf,Bakery,0,76
2025-09-22,Ahmadi,Mangaf,Bakery,0,68
2025-09-29,Ahmadi,Mangaf,Bakery,0,74
2025-10-06,Ahmadi,Mangaf,Bakery,0,69
2025-10-13,Ahmadi,Mangaf,Bakery,0,62
2025-10-20,Ahmadi,Mangaf,Bakery,0,76
2025-10-27,Ahmadi,Mangaf,Bakery,0,69
2025-11-03,Ahmadi,Mangaf,Bakery,0,61
2025-11-10,Ahmadi,Mangaf,Bakery,0,85
2025-11-17,Ahmadi,Mangaf,Bakery,0,75
2025-11-24,Ahmadi,Mangaf,Bakery,1,96
2025-12-01,Ahmadi,Mangaf,Bakery,0,64
2025-12-08,Ahmadi,Mangaf,Bakery,0,80
2025-12-15,Ahmadi,Mangaf,Bakery,1,113
2025-12-22,Ahmadi,Mangaf,Bakery,1,95
2024-01-01,Ahmadi,Mangaf,Beverages,0,118
2024-01-08,Ahmadi,Mangaf,Beverages,0,100
2024-01-15,Ahmadi,Mangaf,Beverages,0,140
2024-01-22,Ahmadi,Mangaf,Beverages,0,133
2024-01-29,Ahmadi,Mangaf,Beverages,0,147
2024-02-05,Ahmadi,Mangaf,Beverages,0,160
2024-02-12,Ahmadi,Mangaf,Beverages,0,134
2024-02-19,Ahmadi,Mangaf,Beverages,0,111
2024-02-26,Ahmadi,Mangaf,Beverages,0,160
2024-03-04,Ahmadi,Mangaf,Beverages,0,137
2024-03-11,Ahmadi,Mangaf,Beverages,1,231
2024-03-18,Ahmadi,Mangaf,Beverages,0,230
2024-03-25,Ahmadi,Mangaf,Beverages,1,267
2024-04-01,Ahmadi,Mangaf,Beverages,0,259
2024-04-08,Ahmadi,Mangaf,Beverages,0,163
2024-04-15,Ahmadi,Mangaf,Beverages,0,126
2024-04-22,Ahmadi,Mangaf,Beverages,0,153
2024-04-29,Ahmadi,Mangaf,Beverages,0,143
2024-05-06,Ahmadi,Mangaf,Beverages,0,161
2024-05-13,Ahmadi,Mangaf,Beverages,0,145
2024-05-20,Ahmadi,Mangaf,Beverages,0,163
2024-05-27,Ahmadi,Mangaf,Beverages,0,152
2024-06-03,Ahmadi,Mangaf,Beverages,0,170
2024-06-10,Ahmadi,Mangaf,Beverages,0,144
2024-06-17,Ahmadi,Mangaf,Beverages,0,128
2024-06-24,Ahmadi,Mangaf,Beverages,0,132
2024-07-01,Ahmadi,Mangaf,Beverages,0,120
2024-07-08,Ahmadi,Mangaf,Beverages,0,114
2024-07-15,Ahmadi,Mangaf,Beverages,0,125
2024-07-22,Ahmadi,Mangaf,Beverages,0,126
2024-07-29,Ahmadi,Mangaf,Beverages,0,114
2024-08-05,Ahmadi,Mangaf,Beverages,0,115
2024-08-12,Ahmadi,Mangaf,Beverages,0,102
2024-08-19,Ahmadi,Mangaf,Beverages,0,103
2024-08-26,Ahmadi,Mangaf,Beverages,0,103
2024-09-02,Ahmadi,Mangaf,Beverages,0,83
2024-09-09,Ahmadi,Mangaf,Beverages,0,87
2024-09-16,Ahmadi,Mangaf,Beverages,0,98
2024-09-23,Ahmadi,Mangaf,Beverages,0,93
2024-09-30,Ahmadi,Mangaf,Beverages,1,129
2024-10-07,Ahmadi,Mangaf,Beverages,0,85
2024-10-14,Ahmadi,Mangaf,Beverages,0,108
2024-10-21,Ahmadi,Mangaf,Beverages,0,118
2024-10-28,Ahmadi,Mangaf,Beverages,0,106
2024-11-04,Ahmadi,Mangaf,Beverages,0,114
2024-11-11,Ahmadi,Mangaf,Beverages,0,112
2024-11-18,Ahmadi,Mangaf,Beverages,1,159
2024-11-25,Ahmadi,Mangaf,Beverages,0,118
2024-12-02,Ahmadi,Mangaf,Beverages,0,104
2024-12-09,Ahmadi,Mangaf,Beverages,0,144
2024-12-16,Ahmadi,Mangaf,Beverages,0,110
2024-12-23,Ahmadi,Mangaf,Beverages,0,138
2024-12-30,Ahmadi,Mangaf,Beverages,1,189
2025-01-06,Ahmadi,Mangaf,Beverages,0,123
2025-01-13,Ahmadi,Mangaf,Beverages,1,179
2025-01-20,Ahmadi,Mangaf,Beverages,0,142
2025-01-27,Ahmadi,Mangaf,Beverages,0,152
2025-02-03,Ahmadi,Mangaf,Beverages,1,214
2025-02-10,Ahmadi,Mangaf,Beverages,0,139
2025-02-17,Ahmadi,Mangaf,Beverages,0,157
2025-02-24,Ahmadi,Mangaf,Beverages,0,176
2025-03-03,Ahmadi,Mangaf,Beverages,0,179
2025-03-10,Ahmadi,Mangaf,Beverages,0,264
2025-03-17,Ahmadi,Mangaf,Beverages,0,261
2025-03-24,Ahmadi,Mangaf,Beverages,0,240
2025-03-31,Ahmadi,Mangaf,Beverages,0,223
2025-04-07,Ahmadi,Mangaf,Beverages,0,187
2025-04-14,Ahmadi,Mangaf,Beverages,0,167
2025-04-21,Ahmadi,Mangaf,Beverages,0,180
2025-04-28,Ahmadi,Mangaf,Beverages,1,198
2025-05-05,Ahmadi,Mangaf,Beverages,0,141
2025-05-12,Ahmadi,Mangaf,Beverages,0,170
2025-05-19,Ahmadi,Mangaf,Beverages,0,184
2025-05-26,Ahmadi,Mangaf,Beverages,0,151
2025-06-02,Ahmadi,Mangaf,Beverages,0,138
2025-06-09,Ahmadi,Mangaf,Beverages,0,159
2025-06-16,Ahmadi,Mangaf,Beverages,0,155
2025-06-23,Ahmadi,Mangaf,Beverages,1,181
2025-06-30,Ahmadi,Mangaf,Beverages,0,124
2025-07-07,Ahmadi,Mangaf,Beverages,0,158
2025-07-14,Ahmadi,Mangaf,Beverages,0,130
2025-07-21,Ahmadi,Mangaf,Beverages,0,149
2025-07-28,Ahmadi,Mangaf,Beverages,0,112
2025-08-04,Ahmadi,Mangaf,Beverages,0,129
2025-08-11,Ahmadi,Mangaf,Beverages,0,114
2025-08-18,Ahmadi,Mangaf,Beverages,0,118
2025-08-25,Ahmadi,Mangaf,Beverages,0,123
2025-09-01,Ahmadi,Mangaf,Beverages,0,113
2025-09-08,Ahmadi,Mangaf,Beverages,0,123
2025-09-15,Ahmadi,Mangaf,Beverages,0,117
2025-09-22,Ahmadi,Mangaf,Beverages,0,106
2025-09-29,Ahmadi,Mangaf,Beverages,0,100
2025-10-06,Ahmadi,Mangaf,Beverages,0,104
2025-10-13,Ahmadi,Mangaf,Beverages,0,124
2025-10-20,Ahmadi,Mangaf,Beverages,0,105
2025-10-27,Ahmadi,Mangaf,Beverages,0,97
2025-11-03,Ahmadi,Mangaf,Beverages,0,129
2025-11-10,Ahmadi,Mangaf,Beverages,0,135
2025-11-17,Ahmadi,Mangaf,Beverages,0,112
2025-11-24,Ahmadi,Mangaf,Beverages,0,137
2025-12-01,Ahmadi,Mangaf,Beverages,1,163
2025-12-08,Ahmadi,Mangaf,Beverages,1,160
2025-12-15,Ahmadi,Mangaf,Beverages,0,147
2025-12-22,Ahmadi,Mangaf,Beverages,1,171
2024-01-01,Ahmadi,Mangaf,Snacks,0,60
2024-01-08,Ahmadi,Mangaf,Snacks,0,58
2024-01-15,Ahmadi,Mangaf,Snacks,0,53
2024-01-22,Ahmadi,Mangaf,Snacks,0,67
2024-01-29,Ahmadi,Mangaf,Snacks,0,59
2024-02-05,Ahmadi,Mangaf,Snacks,0,62
2024-02-12,Ahmadi,Mangaf,Snacks,0,69
2024-02-19,Ahmadi,Mangaf,Snacks,0,74
2024-02-26,Ahmadi,Mangaf,Snacks,0,65
2024-03-04,Ahmadi,Mangaf,Snacks,0,69
2024-03-11,Ahmadi,Mangaf,Snacks,0,93
2024-03-18,Ahmadi,Mangaf,Snacks,0,88
2024-03-25,Ahmadi,Mangaf,Snacks,0,106
2024-04-01,Ahmadi,Mangaf,Snacks,0,109
2024-04-08,Ahmadi,Mangaf,Snacks,0,79
2024-04-15,Ahmadi,Mangaf,Snacks,1,91
2024-04-22,Ahmadi,Mangaf,Snacks,0,83
2024-04-29,Ahmadi,Mangaf,Snacks,0,65
2024-05-06,Ahmadi,Mangaf,Snacks,0,65
2024-05-13,Ahmadi,Mangaf,Snacks,1,92
2024-05-20,Ahmadi,Mangaf,Snacks,0,57
2024-05-27,Ahmadi,Mangaf,Snacks,0,70
2024-06-03,Ahmadi,Mangaf,Snacks,0,65
2024-06-10,Ahmadi,Mangaf,Snacks,0,65
2024-06-17,Ahmadi,Mangaf,Snacks,0,54
2024-06-24,Ahmadi,Mangaf,Snacks,0,60
2024-07-01,Ahmadi,Mangaf,Snacks,0,62
2024-07-08,Ahmadi,Mangaf,Snacks,0,62
2024-07-15,Ahmadi,Mangaf,Snacks,0,58
2024-07-22,Ahmadi,Mangaf,Snacks,0,59
2024-07-29,Ahmadi,Mangaf,Snacks,0,65
2024-08-05,Ahmadi,Mangaf,Snacks,0,52
2024-08-12,Ahmadi,Mangaf,Snacks,0,46
2024-08-19,Ahmadi,Mangaf,Snacks,0,61
2024-08-26,Ahmadi,Mangaf,Snacks,0,46
2024-09-02,Ahmadi,Mangaf,Snacks,0,55
2024-09-09,Ahmadi,Mangaf,Snacks,1,66
2024-09-16,Ahmadi,Mangaf,Snacks,1,58
2024-09-23,Ahmadi,Mangaf,Snacks,1,67
2024-09-30,Ahmadi,Mangaf,Snacks,1,73
2024-10-07,Ahmadi,Mangaf,Snacks,0,38
2024-10-14,Ahmadi,Mangaf,Snacks,0,50
2024-10-21,Ahmadi,Mangaf,Snacks,0,50
2024-10-28,Ahmadi,Mangaf,Snacks,1,74
2024-11-04,Ahmadi,Mangaf,Snacks,0,54
2024-11-11,Ahmadi,Mangaf,Snacks,0,47
2024-11-18,Ahmadi,Mangaf,Snacks,0,41
2024-11-25,Ahmadi,Mangaf,Snacks,0,57
2024-12-02,Ahmadi,Mangaf,Snacks,1,79
2024-12-09,Ahmadi,Mangaf,Snacks,0,56
2024-12-16,Ahmadi,Mangaf,Snacks,0,59
2024-12-23,Ahmadi,Mangaf,Snacks,0,56
2024-12-30,Ahmadi,Mangaf,Snacks,0,67
2025-01-06,Ahmadi,Mangaf,Snacks,0,65
2025-01-13,Ahmadi,Mangaf,Snacks,0,71
2025-01-20,Ahmadi,Mangaf,Snacks,0,67
2025-01-27,Ahmadi,Mangaf,Snacks,0,65
2025-02-03,Ahmadi,Mangaf,Snacks,0,68
2025-02-10,Ahmadi,Mangaf,Snacks,0,86
2025-02-17,Ahmadi,Mangaf,Snacks,0,83
2025-02-24,Ahmadi,Mangaf,Snacks,1,108
2025-03-03,Ahmadi,Mangaf,Snacks,0,86
2025-03-10,Ahmadi,Mangaf,Snacks,0,111
2025-03-17,Ahmadi,Mangaf,Snacks,0,114
2025-03-24,Ahmadi,Mangaf,Snacks,0,101
2025-03-31,Ahmadi,Mangaf,Snacks,0,122
2025-04-07,Ahmadi,Mangaf,Snacks,1,114
2025-04-14,Ahmadi,Mangaf,Snacks,1,100
2025-04-21,Ahmadi,Mangaf,Snacks,0,92
2025-04-28,Ahmadi,Mangaf,Snacks,0,72
2025-05-05,Ahmadi,Mangaf,Snacks,0,77
2025-05-12,Ahmadi,Mangaf,Snacks,0,78
2025-05-19,Ahmadi,Mangaf,Snacks,0,83
2025-05-26,Ahmadi,Mangaf,Snacks,0,83
2025-06-02,Ahmadi,Mangaf,Snacks,0,68
2025-06-09,Ahmadi,Mangaf,Snacks,1,101
2025-06-16,Ahmadi,Mangaf,Snacks,1,115
2025-06-23,Ahmadi,Mangaf,Snacks,0,65
2025-06-30,Ahmadi,Mangaf,Snacks,0,71
2025-07-07,Ahmadi,Mangaf,Snacks,0,64
2025-07-14,Ahmadi,Mangaf,Snacks,0,68
2025-07-21,Ahmadi,Mangaf,Snacks,0,60
2025-07-28,Ahmadi,Mangaf,Snacks,0,65
2025-08-04,Ahmadi,Mangaf,Snacks,0,43
2025-08-11,Ahmadi,Mangaf,Snacks,0,54
2025-08-18,Ahmadi,Mangaf,Snacks,0,58
2025-08-25,Ahmadi,Mangaf,Snacks,0,59
2025-09-01,Ahmadi,Mangaf,Snacks,1,71
2025-09-08,Ahmadi,Mangaf,Snacks,0,51
2025-09-15,Ahmadi,Mangaf,Snacks,0,61
2025-09-22,Ahmadi,Mangaf,Snacks,0,44
2025-09-29,Ahmadi,Mangaf,Snacks,0,52
2025-10-06,Ahmadi,Mangaf,Snacks,0,59
2025-10-13,Ahmadi,Mangaf,Snacks,0,53
2025-10-20,Ahmadi,Mangaf,Snacks,0,57
2025-10-27,Ahmadi,Mangaf,Snacks,1,74
2025-11-03,Ahmadi,Mangaf,Snacks,0,55
2025-11-10,Ahmadi,Mangaf,Snacks,0,58
2025-11-17,Ahmadi,Mangaf,Snacks,0,53
2025-11-24,Ahmadi,Mangaf,Snacks,0,60
2025-12-01,Ahmadi,Mangaf,Snacks,0,62
2025-12-08,Ahmadi,Mangaf,Snacks,0,65
2025-12-15,Ahmadi,Mangaf,Snacks,0,61
2025-12-22,Ahmadi,Mangaf,Snacks,1,83
